{
  "type": "FeatureCollection",
  "name": "BOSTON_WARDS",
  "features": [
    {
      "type": "Feature",
      "id": 1,
      "geometry": {
        "type": "Polygon",
        "coordinates": [
          [
            [-71.0597955919999, 42.3687756750001],
            [-71.058827591, 42.3692176750001],
            [-71.057141591, 42.3699906750001],
            [-71.056284591, 42.3702756750001],
            [-71.05499559, 42.3707056760001],
            [-71.0516995899999, 42.3707056760001],
            [-71.050895588, 42.3707056760001],
            [-71.050708589, 42.3707566750001],
            [-71.0490955879999, 42.371205676],
            [-71.046995588, 42.372605676],
            [-71.0462895869999, 42.3743686770001],
            [-71.046113587, 42.3748066760001],
            [-71.0455615879999, 42.3761906770001],
            [-71.045195587, 42.3771056780001],
            [-71.0449825869999, 42.3785516770001],
            [-71.044652587, 42.3807856780001],
            [-71.044298587, 42.3832176780001],
            [-71.047083588, 42.3851046780001],
            [-71.047284588, 42.385292679],
            [-71.047325588, 42.385310679],
            [-71.048186588, 42.3856946780001],
            [-71.055295591, 42.3871056790001],
            [-71.0553415909999, 42.3871096790001],
            [-71.0554775909999, 42.3871226790001],
            [-71.055524592, 42.3871276790001],
            [-71.055897592, 42.387163679],
            [-71.057020592, 42.387269679],
            [-71.057395592, 42.3873056780001],
            [-71.057490592, 42.387297679],
            [-71.057777592, 42.387273679],
            [-71.057873592, 42.3872656790001],
            [-71.060705593, 42.387026678],
            [-71.063449594, 42.3867936780001],
            [-71.065695594, 42.386604678],
            [-71.067016595, 42.3872136780001],
            [-71.068889595, 42.388078679],
            [-71.070896596, 42.3890046780001],
            [-71.070730596, 42.389503679],
            [-71.0706965969999, 42.3896046790001],
            [-71.070683596, 42.3896246790001],
            [-71.070670596, 42.3896446790001],
            [-71.070584596, 42.389700679],
            [-71.070516596, 42.389792679],
            [-71.070491596, 42.389844678],
            [-71.070482597, 42.389859679],
            [-71.0702955959999, 42.3900496790001],
            [-71.070130596, 42.3902986790001],
            [-71.069062597, 42.3917696790001],
            [-71.069121596, 42.3917886790001],
            [-71.0681605949999, 42.392740679],
            [-71.067410596, 42.39348468],
            [-71.066997595, 42.3940146790001],
            [-71.066950595, 42.3940816790001],
            [-71.066971595, 42.394254679],
            [-71.0670295959999, 42.394540679],
            [-71.0669445949999, 42.39476368],
            [-71.066858596, 42.39498768],
            [-71.067367595, 42.39530468],
            [-71.067591595, 42.3951186800001],
            [-71.068013595, 42.3947606790001],
            [-71.068857596, 42.39404568],
            [-71.068955596, 42.393956679],
            [-71.069037596, 42.3938936800001],
            [-71.069127596, 42.3939286790001],
            [-71.069184596, 42.393957679],
            [-71.0692555969999, 42.3939866800001],
            [-71.069322596, 42.3940306800001],
            [-71.0701145959999, 42.3933066800001],
            [-71.070412596, 42.393017679],
            [-71.070860596, 42.39258368],
            [-71.0713075959999, 42.3921496790001],
            [-71.071606597, 42.3918606790001],
            [-71.072007597, 42.3914716790001],
            [-71.072696597, 42.390804679],
            [-71.073146597, 42.3913666780001],
            [-71.073496597, 42.3918046790001],
            [-71.073613597, 42.391620678],
            [-71.073789597, 42.391344679],
            [-71.073965598, 42.3910686790001],
            [-71.074082597, 42.3908846790001],
            [-71.074119598, 42.390825679],
            [-71.074196598, 42.3907046790001],
            [-71.074233598, 42.390651679],
            [-71.0742735969999, 42.3905956790001],
            [-71.074622598, 42.3900996780001],
            [-71.075596598, 42.388715678],
            [-71.075669599, 42.3886116780001],
            [-71.075945599, 42.388225678],
            [-71.076013598, 42.388129678],
            [-71.076135598, 42.3879576780001],
            [-71.076261597, 42.3877816780001],
            [-71.076354598, 42.387650679],
            [-71.076440598, 42.3875296780001],
            [-71.076539598, 42.387390678],
            [-71.076604598, 42.387299678],
            [-71.076630597, 42.3872626780001],
            [-71.076802599, 42.3870216780001],
            [-71.077007598, 42.386732678],
            [-71.0771505989999, 42.386533678],
            [-71.077405598, 42.386175677],
            [-71.077542598, 42.3859806770001],
            [-71.077557599, 42.3859566780001],
            [-71.077638599, 42.3858466770001],
            [-71.077653599, 42.3858266780001],
            [-71.0777575989999, 42.385678678],
            [-71.078039599, 42.3852826770001],
            [-71.078465599, 42.3846826770001],
            [-71.0787275989999, 42.3843146770001],
            [-71.078939598, 42.384016677],
            [-71.079339599, 42.383545677],
            [-71.079500599, 42.3833566770001],
            [-71.0795575989999, 42.383272677],
            [-71.079728599, 42.383022677],
            [-71.0797855989999, 42.3829406770001],
            [-71.080012599, 42.382819677],
            [-71.080083598, 42.382781676],
            [-71.080448599, 42.3826116770001],
            [-71.080714599, 42.3824946770001],
            [-71.080807599, 42.3824536770001],
            [-71.080947599, 42.3823866770001],
            [-71.080971599, 42.382331677],
            [-71.0809536, 42.3822436770001],
            [-71.0809326, 42.3821416770001],
            [-71.0807015999999, 42.381047676],
            [-71.080600599, 42.3810316760001],
            [-71.080155599, 42.380956677],
            [-71.079777599, 42.380893676],
            [-71.079364598, 42.3808246770001],
            [-71.078843599, 42.3807376770001],
            [-71.078668598, 42.380708677],
            [-71.078507598, 42.380680677],
            [-71.078214598, 42.3806326770001],
            [-71.078056598, 42.3806056770001],
            [-71.078019598, 42.380599676],
            [-71.077767598, 42.3805566770001],
            [-71.077637598, 42.3805356770001],
            [-71.077611598, 42.3805316770001],
            [-71.0775795979999, 42.380525677],
            [-71.077457598, 42.380505677],
            [-71.077443598, 42.3805026760001],
            [-71.077395598, 42.3804946770001],
            [-71.077320598, 42.380482676],
            [-71.0772415979999, 42.3804696760001],
            [-71.077217598, 42.380465676],
            [-71.077170598, 42.380457677],
            [-71.0770835979999, 42.380442676],
            [-71.0770205969999, 42.380432677],
            [-71.076941599, 42.3804186770001],
            [-71.076867597, 42.3804066760001],
            [-71.076805597, 42.3803966770001],
            [-71.0767285969999, 42.3803836760001],
            [-71.076688597, 42.3803766770001],
            [-71.0765695979999, 42.3803566770001],
            [-71.0764995979999, 42.380345677],
            [-71.0764605969999, 42.3803386770001],
            [-71.076195598, 42.3802946770001],
            [-71.075979597, 42.380257677],
            [-71.0758495979999, 42.380236677],
            [-71.075657597, 42.3802046770001],
            [-71.075571598, 42.3800046760001],
            [-71.075315598, 42.3794066770001],
            [-71.075230597, 42.3792066770001],
            [-71.0751335969999, 42.3789816760001],
            [-71.0750195969999, 42.3787156770001],
            [-71.074867597, 42.3783606760001],
            [-71.074710597, 42.3779926760001],
            [-71.074626597, 42.3777956760001],
            [-71.0744995969999, 42.3774996760001],
            [-71.074428597, 42.377333676],
            [-71.074397597, 42.3772606760001],
            [-71.074305597, 42.3770456770001],
            [-71.073928596, 42.376165676],
            [-71.073886596, 42.3760776760001],
            [-71.073824596, 42.3759236760001],
            [-71.0737795969999, 42.3758196760001],
            [-71.073751597, 42.375755676],
            [-71.073728596, 42.3757066750001],
            [-71.073707596, 42.3756636750001],
            [-71.0736965959999, 42.3756386760001],
            [-71.0736725959999, 42.3755836760001],
            [-71.073633597, 42.375491675],
            [-71.073561597, 42.3753226760001],
            [-71.073420596, 42.374991676],
            [-71.073255596, 42.3745916760001],
            [-71.073091596, 42.3742006750001],
            [-71.072932596, 42.373847676],
            [-71.072873596, 42.3737026750001],
            [-71.0727705959999, 42.3734496750001],
            [-71.072751596, 42.373395676],
            [-71.072742596, 42.3733706750001],
            [-71.0727285959999, 42.373330675],
            [-71.072689597, 42.3732306750001],
            [-71.072600596, 42.373006676],
            [-71.072511596, 42.3727806750001],
            [-71.072466596, 42.3726666750001],
            [-71.071809596, 42.372563675],
            [-71.071389595, 42.372497675],
            [-71.071005596, 42.3724366750001],
            [-71.0707725949999, 42.3724006750001],
            [-71.0705455949999, 42.3723646760001],
            [-71.070503596, 42.372357676],
            [-71.070450595, 42.3723496750001],
            [-71.070422596, 42.3723456760001],
            [-71.070329596, 42.3723306750001],
            [-71.070215595, 42.372312675],
            [-71.0701175949999, 42.3722976760001],
            [-71.070064595, 42.372288676],
            [-71.069906595, 42.372263676],
            [-71.069743595, 42.3722386750001],
            [-71.069687595, 42.3722296760001],
            [-71.069656595, 42.372224676],
            [-71.0694455949999, 42.3721906760001],
            [-71.069318595, 42.3721716760001],
            [-71.069112595, 42.372138675],
            [-71.069057595, 42.372130676],
            [-71.069004595, 42.3721226750001],
            [-71.068953595, 42.372113676],
            [-71.068700594, 42.3720736760001],
            [-71.068444594, 42.3720336760001],
            [-71.068302595, 42.3720116750001],
            [-71.068217594, 42.371997675],
            [-71.068150595, 42.3719866750001],
            [-71.0680015949999, 42.3719636750001],
            [-71.067906594, 42.3719476750001],
            [-71.067772594, 42.371927676],
            [-71.067667595, 42.371911675],
            [-71.067614594, 42.3719026750001],
            [-71.067451594, 42.3718776760001],
            [-71.067387594, 42.371867675],
            [-71.067159594, 42.3718316750001],
            [-71.067115593, 42.371824675],
            [-71.066979594, 42.371701676],
            [-71.0666995939999, 42.3714406760001],
            [-71.066580595, 42.3713316750001],
            [-71.066509593, 42.3712666760001],
            [-71.066435594, 42.3711976750001],
            [-71.066369594, 42.3711366760001],
            [-71.066239593, 42.3710176760001],
            [-71.065991593, 42.370789675],
            [-71.065707594, 42.3705266750001],
            [-71.065616594, 42.3704436750001],
            [-71.065410594, 42.3702536750001],
            [-71.065340593, 42.3701896750001],
            [-71.065212593, 42.3700726750001],
            [-71.0650855929999, 42.369954675],
            [-71.0649725929999, 42.3698516750001],
            [-71.0649255929999, 42.3698076750001],
            [-71.064776593, 42.3696696750001],
            [-71.064712594, 42.3696106750001],
            [-71.064642593, 42.369545675],
            [-71.064531593, 42.3694446750001],
            [-71.064354593, 42.369280675],
            [-71.064214593, 42.3691526740001],
            [-71.064129592, 42.369073675],
            [-71.064059593, 42.369009675],
            [-71.063921593, 42.3690246750001],
            [-71.063562593, 42.368895675],
            [-71.062994593, 42.368399675],
            [-71.0627455919999, 42.3684556750001],
            [-71.062487592, 42.3685006750001],
            [-71.062184593, 42.3685506750001],
            [-71.062101592, 42.3685646750001],
            [-71.061992592, 42.3685736750001],
            [-71.061925593, 42.368579675],
            [-71.0608355919999, 42.3686796760001],
            [-71.059877592, 42.3687676750001],
            [-71.0597955919999, 42.3687756750001]
          ]
        ]
      },
      "properties": {
        "OBJECTID": 1,
        "Ward1": "02",
        "COUNT_": 8,
        "WardLabel": "Ward 2",
        "Shape_Leng": 13996.9807418,
        "Shape_Length": 0.110220521136742,
        "Shape_Area": 0.000520700406389138,
        "shape_wkt": null
      }
    },
    {
      "type": "Feature",
      "id": 2,
      "geometry": {
        "type": "Polygon",
        "coordinates": [
          [
            [-71.104661602, 42.3002796610001],
            [-71.104611603, 42.3004726610001],
            [-71.104576602, 42.3006596610001],
            [-71.104568602, 42.3009916610001],
            [-71.104577602, 42.3011916610001],
            [-71.104583603, 42.301340661],
            [-71.104610602, 42.3015316610001],
            [-71.104672603, 42.30175266],
            [-71.104756602, 42.3019616610001],
            [-71.1048506019999, 42.3023286610001],
            [-71.1045606019999, 42.3025936600001],
            [-71.104335603, 42.3027716610001],
            [-71.104072602, 42.3029936610001],
            [-71.103874602, 42.3031706610001],
            [-71.103761602, 42.303297661],
            [-71.1034116019999, 42.3036906610001],
            [-71.103303602, 42.303836662],
            [-71.1032546019999, 42.303979661],
            [-71.103216602, 42.3041896610001],
            [-71.103171603, 42.3045076610001],
            [-71.103133601, 42.3046586610001],
            [-71.103079602, 42.3047976610001],
            [-71.102998602, 42.3049356610001],
            [-71.102855602, 42.3050746610001],
            [-71.102762602, 42.3051826620001],
            [-71.102748602, 42.3052086610001],
            [-71.1027136019999, 42.305277662],
            [-71.102685602, 42.3054246620001],
            [-71.1026686019999, 42.305658662],
            [-71.1026906019999, 42.305974662],
            [-71.102450601, 42.305978662],
            [-71.102314602, 42.3059826620001],
            [-71.101977602, 42.3059926620001],
            [-71.101486601, 42.306582662],
            [-71.101151602, 42.3065546610001],
            [-71.1011356019999, 42.306626662],
            [-71.100716601, 42.3065746620001],
            [-71.100397602, 42.3072686630001],
            [-71.100485601, 42.3072966620001],
            [-71.100411601, 42.307485662],
            [-71.100248601, 42.307870662],
            [-71.100133601, 42.307933663],
            [-71.100035601, 42.307933663],
            [-71.099954601, 42.307906663],
            [-71.099864601, 42.3080746620001],
            [-71.099340602, 42.3088426630001],
            [-71.0993846009999, 42.309084662],
            [-71.099057601, 42.3091996630001],
            [-71.098904601, 42.3092526620001],
            [-71.098541601, 42.3094046620001],
            [-71.0983206, 42.309509663],
            [-71.0981916009999, 42.3095936620001],
            [-71.0980706, 42.3097306620001],
            [-71.0979846, 42.309888663],
            [-71.0979265999999, 42.3100446620001],
            [-71.097903601, 42.3102226630001],
            [-71.097866601, 42.3104456630001],
            [-71.097865601, 42.3105926630001],
            [-71.097863601, 42.3109416620001],
            [-71.0978486, 42.3110756630001],
            [-71.0978335999999, 42.3112686640001],
            [-71.097796601, 42.311427662],
            [-71.097746601, 42.311553663],
            [-71.0976386, 42.311693663],
            [-71.097488601, 42.3118656630001],
            [-71.0973026, 42.3120236630001],
            [-71.0970886, 42.312159663],
            [-71.0970176, 42.312185663],
            [-71.0968326, 42.312254663],
            [-71.0965765999999, 42.312321663],
            [-71.0963916, 42.3124006630001],
            [-71.0962486, 42.312500663],
            [-71.0959806, 42.312679663],
            [-71.0955426, 42.3130016630001],
            [-71.0953595999999, 42.3131376640001],
            [-71.0951456, 42.313290663],
            [-71.0950386, 42.3133906630001],
            [-71.0947906, 42.313582663],
            [-71.0943956, 42.3138846630001],
            [-71.0941746, 42.3140696630001],
            [-71.094088599, 42.3141506640001],
            [-71.0939385999999, 42.3143286640001],
            [-71.0938596, 42.3144656640001],
            [-71.093821599, 42.314549664],
            [-71.093756599, 42.314793664],
            [-71.0936816, 42.3150246640001],
            [-71.093618599, 42.315248663],
            [-71.0935595999999, 42.3155236630001],
            [-71.0934725989999, 42.3157976630001],
            [-71.0933335999999, 42.316160665],
            [-71.0932265989999, 42.3164516640001],
            [-71.0931836, 42.316551664],
            [-71.0930905989999, 42.316683664],
            [-71.092964599, 42.3167596640001],
            [-71.092722599, 42.3168516640001],
            [-71.092470599, 42.3169036640001],
            [-71.092293599, 42.3169246640001],
            [-71.091967599, 42.3169496640001],
            [-71.091779599, 42.3169716640001],
            [-71.091619599, 42.3170056640001],
            [-71.091294599, 42.3176136640001],
            [-71.091133599, 42.3179626640001],
            [-71.091004599, 42.3182766640001],
            [-71.090905598, 42.3185146640001],
            [-71.090843599, 42.3186816640001],
            [-71.090802599, 42.318757664],
            [-71.090673598, 42.3188826650001],
            [-71.090238599, 42.319221665],
            [-71.0903445979999, 42.3192856640001],
            [-71.090868598, 42.3198736640001],
            [-71.091373599, 42.3204316650001],
            [-71.091133599, 42.3205906650001],
            [-71.090917599, 42.3207636650001],
            [-71.090810598, 42.320848664],
            [-71.090556599, 42.3208796650001],
            [-71.090593599, 42.3210346650001],
            [-71.0886115979999, 42.322600665],
            [-71.0891485989999, 42.3230916650001],
            [-71.0894205989999, 42.323340665],
            [-71.089513599, 42.3233906660001],
            [-71.089600598, 42.3234026650001],
            [-71.090390599, 42.3237106660001],
            [-71.090676599, 42.3238226660001],
            [-71.0905326, 42.324037666],
            [-71.090054599, 42.324696665],
            [-71.090842599, 42.324981666],
            [-71.090956599, 42.325030666],
            [-71.0911535989999, 42.3251566650001],
            [-71.091259599, 42.3252436660001],
            [-71.091340599, 42.325319666],
            [-71.0917986, 42.3259896660001],
            [-71.090988599, 42.326625666],
            [-71.0906295999999, 42.326899666],
            [-71.090756599, 42.326900666],
            [-71.0909755989999, 42.327011666],
            [-71.0913805989999, 42.3272066660001],
            [-71.091825599, 42.3274076660001],
            [-71.0925596, 42.3276716660001],
            [-71.0925066, 42.3278226670001],
            [-71.0927556, 42.3278766660001],
            [-71.0932215999999, 42.3279886660001],
            [-71.093885601, 42.3281416660001],
            [-71.0944016, 42.3282836660001],
            [-71.0946346, 42.328359666],
            [-71.0947486009999, 42.3284186660001],
            [-71.0948116, 42.3284586670001],
            [-71.094862601, 42.3285076670001],
            [-71.094878601, 42.328541666],
            [-71.0949826, 42.328695666],
            [-71.094851601, 42.3288276660001],
            [-71.094551601, 42.329059666],
            [-71.0943136, 42.329212666],
            [-71.0940516009999, 42.3293796670001],
            [-71.0938945999999, 42.329458667],
            [-71.094153601, 42.3297666670001],
            [-71.094541601, 42.3302666660001],
            [-71.094561601, 42.330312667],
            [-71.094779601, 42.330363666],
            [-71.095239601, 42.330615666],
            [-71.095023601, 42.330817666],
            [-71.0944006, 42.331420667],
            [-71.094604601, 42.331445667],
            [-71.094900601, 42.331486667],
            [-71.095351601, 42.3315626670001],
            [-71.095921601, 42.3309616670001],
            [-71.096275601, 42.3305406660001],
            [-71.096506601, 42.3302206670001],
            [-71.096965601, 42.3294776660001],
            [-71.097117602, 42.329216666],
            [-71.0972906009999, 42.3289356670001],
            [-71.097601601, 42.328385666],
            [-71.097889601, 42.327757666],
            [-71.0980986019999, 42.3272206660001],
            [-71.098420602, 42.3263406660001],
            [-71.098753602, 42.3254536650001],
            [-71.098917602, 42.325033666],
            [-71.0990676019999, 42.324582665],
            [-71.099319602, 42.3240026660001],
            [-71.0994956019999, 42.3236236650001],
            [-71.099745602, 42.3231776650001],
            [-71.100023602, 42.322780665],
            [-71.100542602, 42.3221366650001],
            [-71.101406603, 42.321114665],
            [-71.102501603, 42.319835664],
            [-71.102944603, 42.3193066640001],
            [-71.1034316029999, 42.318665664],
            [-71.1036816019999, 42.3182996640001],
            [-71.1039666039999, 42.3178656640001],
            [-71.1042136039999, 42.3174646640001],
            [-71.104475603, 42.3170306640001],
            [-71.104623604, 42.3166956640001],
            [-71.1049356029999, 42.3157976630001],
            [-71.105057603, 42.315495664],
            [-71.105203603, 42.3151246640001],
            [-71.105377603, 42.3146526630001],
            [-71.1057916029999, 42.3134516640001],
            [-71.106085604, 42.3128016630001],
            [-71.106293603, 42.3123376630001],
            [-71.106610603, 42.3117486630001],
            [-71.106990604, 42.311157662],
            [-71.1073456029999, 42.3106306620001],
            [-71.107658603, 42.3101066620001],
            [-71.108811604, 42.3082806620001],
            [-71.109327605, 42.3075256610001],
            [-71.109342604, 42.307531662],
            [-71.109494604, 42.307602661],
            [-71.109868604, 42.307751662],
            [-71.110052604, 42.3078316620001],
            [-71.110196604, 42.307875661],
            [-71.1103806039999, 42.307909662],
            [-71.1108986039999, 42.307959661],
            [-71.111187604, 42.3079866620001],
            [-71.111443604, 42.3079916620001],
            [-71.1118646049999, 42.3079706620001],
            [-71.112742606, 42.307892662],
            [-71.113357605, 42.3078386620001],
            [-71.114791606, 42.307731662],
            [-71.1150336059999, 42.307713662],
            [-71.1155066059999, 42.3076636610001],
            [-71.1157766059999, 42.3075926620001],
            [-71.116214607, 42.3074946620001],
            [-71.1165606069999, 42.3074126610001],
            [-71.116791607, 42.307357661],
            [-71.1172386069999, 42.307261662],
            [-71.117545607, 42.307192662],
            [-71.117988607, 42.307102661],
            [-71.118275607, 42.307057661],
            [-71.118490607, 42.3070246610001],
            [-71.119007607, 42.306994661],
            [-71.119200608, 42.3069756620001],
            [-71.1191926079999, 42.306793661],
            [-71.119203607, 42.3064226610001],
            [-71.119277608, 42.3061926610001],
            [-71.119320607, 42.306091661],
            [-71.119491608, 42.305777661],
            [-71.119584607, 42.3055886610001],
            [-71.119667608, 42.3053796610001],
            [-71.119700608, 42.305233661],
            [-71.119705608, 42.3051606610001],
            [-71.1197126069999, 42.3050726610001],
            [-71.119702608, 42.3049596610001],
            [-71.119659608, 42.3048026610001],
            [-71.1196006069999, 42.304673661],
            [-71.119401607, 42.3044426610001],
            [-71.118932607, 42.304109661],
            [-71.1184306069999, 42.303793661],
            [-71.118117607, 42.3035856600001],
            [-71.117731606, 42.303327661],
            [-71.117040606, 42.3028936600001],
            [-71.116895606, 42.3028246600001],
            [-71.116689607, 42.302763661],
            [-71.116300606, 42.3026686600001],
            [-71.1155536059999, 42.302465661],
            [-71.115023606, 42.3021446600001],
            [-71.114715606, 42.3019826610001],
            [-71.114461606, 42.30191266],
            [-71.114483606, 42.301767661],
            [-71.114507605, 42.3016546600001],
            [-71.114513606, 42.3016046600001],
            [-71.1145416049999, 42.3013536610001],
            [-71.114545606, 42.3013186600001],
            [-71.1145886049999, 42.3010106610001],
            [-71.114618606, 42.30085066],
            [-71.1146716059999, 42.3005686600001],
            [-71.114159606, 42.3001876600001],
            [-71.114078606, 42.30006366],
            [-71.113545605, 42.29994866],
            [-71.1135996049999, 42.29988166],
            [-71.1138686049999, 42.29947766],
            [-71.114085605, 42.2991236600001],
            [-71.113137604, 42.29844266],
            [-71.112715604, 42.2981356600001],
            [-71.1118406049999, 42.29751666],
            [-71.111264605, 42.2970966600001],
            [-71.111177604, 42.2969036590001],
            [-71.1110356039999, 42.2970286600001],
            [-71.110671604, 42.2974836600001],
            [-71.1102736029999, 42.2977776600001],
            [-71.110061604, 42.2979356600001],
            [-71.109815604, 42.29817466],
            [-71.110075604, 42.2985186600001],
            [-71.1095966029999, 42.2991066600001],
            [-71.1084966029999, 42.29900666],
            [-71.1082466029999, 42.2989066600001],
            [-71.107606603, 42.2986506600001],
            [-71.107529603, 42.29862166],
            [-71.107362604, 42.2983836600001],
            [-71.107269603, 42.298393661],
            [-71.106864603, 42.29841966],
            [-71.1064486019999, 42.29843866],
            [-71.106184602, 42.2984766600001],
            [-71.1060476019999, 42.2984966600001],
            [-71.105855603, 42.2985596600001],
            [-71.105700603, 42.2986496600001],
            [-71.105597603, 42.2987496600001],
            [-71.105517602, 42.2988396600001],
            [-71.105464603, 42.2989876600001],
            [-71.1054146019999, 42.299157661],
            [-71.105359602, 42.29929666],
            [-71.1052526029999, 42.29947466],
            [-71.105117602, 42.2996846610001],
            [-71.1049836029999, 42.2998436600001],
            [-71.104789602, 42.3000416610001],
            [-71.104687602, 42.30017966],
            [-71.104661602, 42.3002796610001]
          ]
        ]
      },
      "properties": {
        "OBJECTID": 2,
        "Ward1": "11",
        "COUNT_": 10,
        "WardLabel": "Ward 11",
        "Shape_Leng": 14800.7422694,
        "Shape_Length": 0.112615200188667,
        "Shape_Area": 0.000336139166652482,
        "shape_wkt": null
      }
    },
    {
      "type": "Feature",
      "id": 3,
      "geometry": {
        "type": "Polygon",
        "coordinates": [
          [
            [-71.068747591, 42.3186026650001],
            [-71.0684885919999, 42.319629665],
            [-71.068378592, 42.3200396660001],
            [-71.068328591, 42.3202716660001],
            [-71.0681515919999, 42.3209436650001],
            [-71.0681075919999, 42.321110666],
            [-71.068061591, 42.321289666],
            [-71.067507591, 42.3233056660001],
            [-71.0673415919999, 42.3239196660001],
            [-71.067174591, 42.3244726660001],
            [-71.067077591, 42.324783666],
            [-71.0669345919999, 42.3251596660001],
            [-71.066655591, 42.3258536670001],
            [-71.066431591, 42.326264667],
            [-71.066388591, 42.326330667],
            [-71.065486591, 42.3277366670001],
            [-71.064320591, 42.3295816670001],
            [-71.063553591, 42.3307996680001],
            [-71.06290559, 42.3318146680001],
            [-71.0627985909999, 42.331981668],
            [-71.06269559, 42.332137667],
            [-71.062600591, 42.3322826680001],
            [-71.06257159, 42.3323276680001],
            [-71.06254259, 42.3323736680001],
            [-71.06249759, 42.3324446680001],
            [-71.06216359, 42.3329696690001],
            [-71.06143959, 42.334114668],
            [-71.06100959, 42.334790668],
            [-71.06058459, 42.3354546680001],
            [-71.06044559, 42.3357016690001],
            [-71.0604385899999, 42.335715668],
            [-71.0602795899999, 42.3361576680001],
            [-71.06017759, 42.3363546690001],
            [-71.060042589, 42.3365726690001],
            [-71.06004359, 42.336518669],
            [-71.05969759, 42.3368096690001],
            [-71.059702591, 42.3368676690001],
            [-71.0598075889999, 42.33814167],
            [-71.060001589, 42.3400636700001],
            [-71.06002559, 42.3406036690001],
            [-71.0599835899999, 42.34207967],
            [-71.059952591, 42.34232867],
            [-71.05987959, 42.34266067],
            [-71.0597825899999, 42.3429936700001],
            [-71.05968559, 42.3432186700001],
            [-71.05954059, 42.3434886700001],
            [-71.05948759, 42.34358867],
            [-71.05948059, 42.3436026700001],
            [-71.05939459, 42.34376767],
            [-71.0592655899999, 42.3439976700001],
            [-71.0590405899999, 42.34435067],
            [-71.05880259, 42.34470967],
            [-71.0584555899999, 42.3452156710001],
            [-71.05835559, 42.345361671],
            [-71.0582505899999, 42.3455146700001],
            [-71.05814359, 42.34565567],
            [-71.05837459, 42.345628671],
            [-71.0584315899999, 42.345610671],
            [-71.05866359, 42.3455726700001],
            [-71.05875759, 42.3455626700001],
            [-71.05882059, 42.345453671],
            [-71.05893459, 42.3453286710001],
            [-71.0589975899999, 42.3452766710001],
            [-71.0591065899999, 42.3452136710001],
            [-71.059271591, 42.3451106700001],
            [-71.059368591, 42.3451036710001],
            [-71.05956159, 42.34493367],
            [-71.059640591, 42.344868671],
            [-71.05985759, 42.3449666710001],
            [-71.05995059, 42.34502667],
            [-71.05997059, 42.3450396710001],
            [-71.0601235899999, 42.3451906700001],
            [-71.06027359, 42.3452576710001],
            [-71.060345591, 42.3453386700001],
            [-71.06048559, 42.345432671],
            [-71.0604565909999, 42.3455086710001],
            [-71.0604345909999, 42.3455586710001],
            [-71.06055559, 42.3454846700001],
            [-71.060676591, 42.3455616700001],
            [-71.06072059, 42.345589671],
            [-71.0607925909999, 42.3456846710001],
            [-71.060911591, 42.3457176700001],
            [-71.061002591, 42.3457786710001],
            [-71.061237591, 42.3459396710001],
            [-71.061254591, 42.345946671],
            [-71.06130459, 42.34581167],
            [-71.0615745919999, 42.345177671],
            [-71.061779591, 42.3446786700001],
            [-71.0620525909999, 42.3440506710001],
            [-71.062390592, 42.34331967],
            [-71.062529591, 42.3430176690001],
            [-71.062710591, 42.3426136700001],
            [-71.062732591, 42.34255267],
            [-71.0628175909999, 42.3423536700001],
            [-71.063010591, 42.3419756700001],
            [-71.063303592, 42.3413856700001],
            [-71.063508591, 42.3409886700001],
            [-71.063796591, 42.340548669],
            [-71.063937591, 42.3403866690001],
            [-71.064028591, 42.3403086690001],
            [-71.064092591, 42.3402606700001],
            [-71.064180592, 42.340195669],
            [-71.0644595919999, 42.3399906700001],
            [-71.064623591, 42.3398616690001],
            [-71.065001592, 42.339608669],
            [-71.067061592, 42.3402716690001],
            [-71.067676593, 42.340460669],
            [-71.068022593, 42.3406466690001],
            [-71.068586593, 42.3407876690001],
            [-71.0692955929999, 42.3410066700001],
            [-71.069414592, 42.341068669],
            [-71.069558593, 42.3412156700001],
            [-71.069613593, 42.341290669],
            [-71.069671593, 42.3413516700001],
            [-71.069829593, 42.3412846690001],
            [-71.070065593, 42.3411696690001],
            [-71.070707593, 42.340798669],
            [-71.0710895939999, 42.340547669],
            [-71.071826594, 42.3400646690001],
            [-71.072504594, 42.3396236690001],
            [-71.0726455939999, 42.3395226700001],
            [-71.073630594, 42.3388776690001],
            [-71.073787594, 42.3387676680001],
            [-71.074288595, 42.3384296690001],
            [-71.074995594, 42.337939669],
            [-71.075668595, 42.3374836690001],
            [-71.0763795949999, 42.3369596690001],
            [-71.076941596, 42.3365356680001],
            [-71.077019596, 42.336475669],
            [-71.077621595, 42.336009668],
            [-71.0780425949999, 42.3357046680001],
            [-71.078425596, 42.335396668],
            [-71.078539596, 42.335305668],
            [-71.078742596, 42.3351416670001],
            [-71.0788275959999, 42.3350736680001],
            [-71.079345595, 42.3346626680001],
            [-71.079516596, 42.3345166670001],
            [-71.079913596, 42.334190667],
            [-71.080297596, 42.333804668],
            [-71.080433596, 42.3336386670001],
            [-71.0806255969999, 42.333375667],
            [-71.0809435959999, 42.3329396670001],
            [-71.081014597, 42.3328206670001],
            [-71.081266597, 42.332498668],
            [-71.0815075959999, 42.3322146670001],
            [-71.081738597, 42.3319506670001],
            [-71.0819325969999, 42.3317736670001],
            [-71.082371596, 42.331392668],
            [-71.082418597, 42.331349667],
            [-71.082558596, 42.331219667],
            [-71.082714597, 42.3310766670001],
            [-71.0829865979999, 42.3308396670001],
            [-71.083064597, 42.3306656670001],
            [-71.083111597, 42.330514668],
            [-71.083160598, 42.330318667],
            [-71.083197597, 42.330111667],
            [-71.083358596, 42.3294206670001],
            [-71.0834615969999, 42.3287966670001],
            [-71.083469597, 42.328716667],
            [-71.083448597, 42.3286586670001],
            [-71.082747597, 42.3286146660001],
            [-71.081521596, 42.328494667],
            [-71.081338596, 42.328494667],
            [-71.081314596, 42.328495667],
            [-71.080891596, 42.3285056670001],
            [-71.080813596, 42.3281616670001],
            [-71.0806765959999, 42.327620666],
            [-71.0803585959999, 42.3263696660001],
            [-71.080318596, 42.326150666],
            [-71.080318596, 42.325998666],
            [-71.080197596, 42.3259366660001],
            [-71.079243595, 42.325257666],
            [-71.079047595, 42.325143666],
            [-71.078654595, 42.3248756670001],
            [-71.079445595, 42.324267666],
            [-71.079600596, 42.324169666],
            [-71.079407595, 42.3240726660001],
            [-71.079200596, 42.3239846650001],
            [-71.0788085949999, 42.3238066660001],
            [-71.078333595, 42.3236126670001],
            [-71.077846595, 42.3234026650001],
            [-71.077516595, 42.323269666],
            [-71.076664595, 42.322897665],
            [-71.076927594, 42.3225346660001],
            [-71.0770975949999, 42.322289665],
            [-71.0771465939999, 42.3222046660001],
            [-71.077185595, 42.322104666],
            [-71.077223594, 42.3219836660001],
            [-71.077282595, 42.3218196650001],
            [-71.077489594, 42.321276665],
            [-71.077627594, 42.3209156660001],
            [-71.077654595, 42.320847665],
            [-71.0777095939999, 42.3206386650001],
            [-71.077746594, 42.320439665],
            [-71.077539595, 42.3204356650001],
            [-71.077332594, 42.320443665],
            [-71.077253595, 42.3204476650001],
            [-71.077115595, 42.3204566650001],
            [-71.076677595, 42.3204876660001],
            [-71.075522594, 42.3205816650001],
            [-71.075005594, 42.320639666],
            [-71.074859593, 42.320657666],
            [-71.074275593, 42.320731665],
            [-71.074056593, 42.3207646660001],
            [-71.0739485939999, 42.3207816660001],
            [-71.073712594, 42.320848665],
            [-71.073171593, 42.3210386660001],
            [-71.072411593, 42.3213136650001],
            [-71.072352593, 42.3213286660001],
            [-71.072204593, 42.3213676660001],
            [-71.0721765929999, 42.3211706660001],
            [-71.072147593, 42.3210556660001],
            [-71.072094593, 42.320957666],
            [-71.072029593, 42.3208716660001],
            [-71.0719345919999, 42.3207606660001],
            [-71.071276592, 42.320168665],
            [-71.070868592, 42.3197896660001],
            [-71.070666592, 42.319563665],
            [-71.070459593, 42.3193276650001],
            [-71.070359592, 42.319251665],
            [-71.070204592, 42.319157665],
            [-71.069966592, 42.3190546650001],
            [-71.069698592, 42.318955665],
            [-71.069104591, 42.3187366660001],
            [-71.068747591, 42.3186026650001]
          ]
        ]
      },
      "properties": {
        "OBJECTID": 3,
        "Ward1": "08",
        "COUNT_": 6,
        "WardLabel": "Ward 8",
        "Shape_Leng": 12061.7701226,
        "Shape_Length": 0.0903432327876258,
        "Shape_Area": 0.000318282157483052,
        "shape_wkt": null
      }
    },
    {
      "type": "Feature",
      "id": 4,
      "geometry": {
        "type": "Polygon",
        "coordinates": [
          [
            [-71.053767584, 42.2780376580001],
            [-71.054125584, 42.277895658],
            [-71.054452584, 42.2777506570001],
            [-71.054760584, 42.2775926580001],
            [-71.0551875849999, 42.277336657],
            [-71.055758585, 42.2769636580001],
            [-71.057121585, 42.2760176570001],
            [-71.0577505859999, 42.2756126570001],
            [-71.0582465859999, 42.275258658],
            [-71.058579586, 42.2750256570001],
            [-71.0586535859999, 42.2749606570001],
            [-71.058975586, 42.2746856570001],
            [-71.059163586, 42.2745316570001],
            [-71.059424586, 42.2743296570001],
            [-71.0595965859999, 42.274435657],
            [-71.059703586, 42.274501657],
            [-71.059719587, 42.2745496570001],
            [-71.060015586, 42.274750657],
            [-71.060922586, 42.2753056570001],
            [-71.0614415859999, 42.275668657],
            [-71.0618005869999, 42.275944657],
            [-71.065528588, 42.2747986570001],
            [-71.0673095879999, 42.275062657],
            [-71.067189588, 42.275512657],
            [-71.066977588, 42.2762626580001],
            [-71.066819589, 42.276796657],
            [-71.066606588, 42.277537657],
            [-71.066503589, 42.2779126570001],
            [-71.0662305879999, 42.278840658],
            [-71.066047588, 42.2795266570001],
            [-71.065920589, 42.2799366580001],
            [-71.065806589, 42.280349658],
            [-71.065661588, 42.280883659],
            [-71.0654405879999, 42.281652658],
            [-71.065366588, 42.2819096580001],
            [-71.065322588, 42.282062658],
            [-71.0652795889999, 42.2822436590001],
            [-71.065066588, 42.2830116580001],
            [-71.065055588, 42.2830356580001],
            [-71.064872588, 42.2837076590001],
            [-71.0647875889999, 42.2840076580001],
            [-71.064714588, 42.2842846580001],
            [-71.0645625879999, 42.284788658],
            [-71.064422588, 42.28529166],
            [-71.064303589, 42.285707659],
            [-71.064340589, 42.285815659],
            [-71.0644755879999, 42.2862066590001],
            [-71.064745589, 42.286803659],
            [-71.065104589, 42.287460659],
            [-71.0653265889999, 42.287731659],
            [-71.065570589, 42.288023659],
            [-71.066081588, 42.28849066],
            [-71.066342589, 42.28867366],
            [-71.0666985889999, 42.2889126600001],
            [-71.067010589, 42.28907766],
            [-71.06720259, 42.28916866],
            [-71.06771559, 42.2893906590001],
            [-71.06835359, 42.28962066],
            [-71.06844059, 42.2896496600001],
            [-71.0686075899999, 42.2896946600001],
            [-71.0690145899999, 42.2898316600001],
            [-71.06964859, 42.2899606600001],
            [-71.0693515899999, 42.29010866],
            [-71.06805459, 42.29051666],
            [-71.06721859, 42.29076566],
            [-71.067446589, 42.2912656600001],
            [-71.06757859, 42.2914346600001],
            [-71.067359589, 42.2915176600001],
            [-71.06669959, 42.2917056600001],
            [-71.0661615889999, 42.291863661],
            [-71.06592159, 42.2919406600001],
            [-71.065594588, 42.2920326600001],
            [-71.065544589, 42.29205166],
            [-71.065404588, 42.2921066600001],
            [-71.065059589, 42.2922196600001],
            [-71.064590589, 42.2923556600001],
            [-71.064782589, 42.29299566],
            [-71.064915589, 42.2934146600001],
            [-71.064991589, 42.2937026600001],
            [-71.0650355889999, 42.2938316610001],
            [-71.065090589, 42.2939656610001],
            [-71.065156589, 42.294089661],
            [-71.065203589, 42.2942186610001],
            [-71.065024589, 42.2942806610001],
            [-71.064836589, 42.2943566610001],
            [-71.064572589, 42.2944476600001],
            [-71.064354589, 42.294496661],
            [-71.0632825879999, 42.294678661],
            [-71.063069589, 42.2947116610001],
            [-71.063171589, 42.2949586610001],
            [-71.063170589, 42.2951006610001],
            [-71.063134589, 42.2953586610001],
            [-71.063142588, 42.295623661],
            [-71.063003588, 42.2956576610001],
            [-71.062703589, 42.2957436610001],
            [-71.062471589, 42.2958176610001],
            [-71.062623588, 42.296583662],
            [-71.064512589, 42.29607966],
            [-71.064841589, 42.2967886610001],
            [-71.06510359, 42.2973696610001],
            [-71.065637589, 42.2972336610001],
            [-71.0658395899999, 42.2971696610001],
            [-71.066256589, 42.29707166],
            [-71.06641359, 42.2970306620001],
            [-71.0661125889999, 42.2975926620001],
            [-71.06585459, 42.297968661],
            [-71.065538589, 42.298321661],
            [-71.065232589, 42.298598661],
            [-71.064860589, 42.2988706610001],
            [-71.06432059, 42.2992136620001],
            [-71.0644035889999, 42.2992626610001],
            [-71.064753588, 42.299473661],
            [-71.065107589, 42.2996786620001],
            [-71.065517589, 42.299917662],
            [-71.066004589, 42.300215662],
            [-71.06622759, 42.3003346620001],
            [-71.06632459, 42.300309661],
            [-71.06684859, 42.3001786620001],
            [-71.06748759, 42.3000246610001],
            [-71.06818859, 42.2998386620001],
            [-71.068936591, 42.2996376620001],
            [-71.069150591, 42.2995806610001],
            [-71.07000159, 42.2993466620001],
            [-71.071368591, 42.2989616610001],
            [-71.072089591, 42.2987386610001],
            [-71.0721365919999, 42.298794661],
            [-71.072243591, 42.298903662],
            [-71.0727415919999, 42.299379661],
            [-71.072927592, 42.299587661],
            [-71.0736415919999, 42.299379661],
            [-71.073811592, 42.299331662],
            [-71.0740725919999, 42.2992586610001],
            [-71.074623592, 42.2990786610001],
            [-71.075004593, 42.2989816620001],
            [-71.0751955929999, 42.2989186610001],
            [-71.075272593, 42.2988946610001],
            [-71.075430593, 42.298818661],
            [-71.075518593, 42.2987456610001],
            [-71.075589593, 42.298664661],
            [-71.0757375919999, 42.2984306610001],
            [-71.076030593, 42.2978476610001],
            [-71.076102593, 42.2976376610001],
            [-71.0762295929999, 42.2973946610001],
            [-71.076289593, 42.2973216610001],
            [-71.076398592, 42.29727366],
            [-71.076540592, 42.297221661],
            [-71.076709593, 42.297181661],
            [-71.0770365939999, 42.2971186610001],
            [-71.077276593, 42.2970706610001],
            [-71.077739594, 42.29695866],
            [-71.078191593, 42.29686266],
            [-71.078448593, 42.29680266],
            [-71.078852594, 42.2967166610001],
            [-71.078689593, 42.2956556600001],
            [-71.078481594, 42.2943546600001],
            [-71.078195593, 42.2925066600001],
            [-71.078147593, 42.2920306600001],
            [-71.0781435929999, 42.2916326590001],
            [-71.0781435929999, 42.29134766],
            [-71.078160593, 42.29110366],
            [-71.078199593, 42.2907826590001],
            [-71.078263594, 42.2904346600001],
            [-71.078314593, 42.29018366],
            [-71.078400593, 42.2898186590001],
            [-71.078507593, 42.289441659],
            [-71.078537593, 42.2893436590001],
            [-71.078712593, 42.288987659],
            [-71.078913593, 42.2885856600001],
            [-71.079187593, 42.2881456590001],
            [-71.079507593, 42.2876936590001],
            [-71.079862594, 42.2872686580001],
            [-71.079991594, 42.287145658],
            [-71.0800095929999, 42.2871286590001],
            [-71.080371594, 42.2867896590001],
            [-71.080555594, 42.2866316590001],
            [-71.080893594, 42.2863106580001],
            [-71.0812245939999, 42.2860156580001],
            [-71.082052594, 42.285280658],
            [-71.082432594, 42.2849286580001],
            [-71.0827965939999, 42.2845416580001],
            [-71.0830485939999, 42.2842526590001],
            [-71.083283594, 42.2839446580001],
            [-71.083818595, 42.2832466580001],
            [-71.085463595, 42.2810536580001],
            [-71.085504594, 42.280999658],
            [-71.0854735949999, 42.2809876580001],
            [-71.085012595, 42.2809006580001],
            [-71.0848905949999, 42.2808746580001],
            [-71.0844895939999, 42.2807906570001],
            [-71.083276594, 42.2805396570001],
            [-71.082813594, 42.2804386570001],
            [-71.082735594, 42.280417657],
            [-71.082634594, 42.2803766580001],
            [-71.082570594, 42.280350658],
            [-71.082245594, 42.2801866570001],
            [-71.0821455939999, 42.2801196580001],
            [-71.081574593, 42.2797336580001],
            [-71.081102593, 42.279402658],
            [-71.080533593, 42.2790306570001],
            [-71.080476593, 42.2789936570001],
            [-71.0804385929999, 42.2789686580001],
            [-71.079822593, 42.278593657],
            [-71.079613593, 42.2784566570001],
            [-71.078658592, 42.2778656570001],
            [-71.078293592, 42.2777036580001],
            [-71.077597592, 42.2773886570001],
            [-71.077251592, 42.277225657],
            [-71.077805592, 42.2765186560001],
            [-71.0781525909999, 42.2760916570001],
            [-71.078310592, 42.2758906570001],
            [-71.078447592, 42.2757486570001],
            [-71.078330592, 42.2755256560001],
            [-71.078251592, 42.275355657],
            [-71.078163592, 42.2751686570001],
            [-71.0779225919999, 42.274569656],
            [-71.077886592, 42.274479656],
            [-71.077781592, 42.2741726570001],
            [-71.077615592, 42.2737906560001],
            [-71.077521592, 42.273504657],
            [-71.0773835919999, 42.273126656],
            [-71.077255591, 42.272794656],
            [-71.077191592, 42.2725816560001],
            [-71.077197592, 42.2724176560001],
            [-71.077185592, 42.2720816560001],
            [-71.077206592, 42.271802656],
            [-71.077235591, 42.271551656],
            [-71.076986592, 42.271535656],
            [-71.076716591, 42.2715246550001],
            [-71.0763905919999, 42.271533656],
            [-71.076286591, 42.271532656],
            [-71.075961591, 42.271531656],
            [-71.0756495909999, 42.2714996570001],
            [-71.075410591, 42.2714576560001],
            [-71.075280591, 42.2705236560001],
            [-71.075263591, 42.2704176560001],
            [-71.0752465909999, 42.2703086560001],
            [-71.075056591, 42.2702856560001],
            [-71.07489459, 42.2703116560001],
            [-71.0747795899999, 42.270317656],
            [-71.07456859, 42.2703246560001],
            [-71.0744875899999, 42.2703266560001],
            [-71.074001591, 42.2702986560001],
            [-71.07371059, 42.2702946570001],
            [-71.07359059, 42.2703016560001],
            [-71.07329559, 42.270318655],
            [-71.07326459, 42.2703256560001],
            [-71.073226591, 42.2703226560001],
            [-71.07320959, 42.2703246560001],
            [-71.07313159, 42.270333657],
            [-71.0730425899999, 42.270339656],
            [-71.072986589, 42.2703486560001],
            [-71.072898591, 42.2703906560001],
            [-71.07271459, 42.2705366560001],
            [-71.0724315909999, 42.270695656],
            [-71.07204459, 42.2708256550001],
            [-71.071680589, 42.270863655],
            [-71.071346589, 42.2708456560001],
            [-71.07120559, 42.270811656],
            [-71.07105059, 42.270745656],
            [-71.071027589, 42.2707376560001],
            [-71.07093159, 42.270717656],
            [-71.070608589, 42.2706386560001],
            [-71.07041559, 42.2706216560001],
            [-71.06978459, 42.2706136560001],
            [-71.069710589, 42.2706196560001],
            [-71.069460589, 42.2706406560001],
            [-71.069302589, 42.270652656],
            [-71.069253589, 42.270657656],
            [-71.069011588, 42.2706706560001],
            [-71.068845589, 42.2707046570001],
            [-71.068778589, 42.270718657],
            [-71.068693588, 42.270740656],
            [-71.0685025889999, 42.2707836560001],
            [-71.068414589, 42.270814656],
            [-71.068375589, 42.270835656],
            [-71.0681405889999, 42.2710086560001],
            [-71.067973589, 42.2711576560001],
            [-71.067954588, 42.2711776560001],
            [-71.067833589, 42.271377656],
            [-71.067815588, 42.2714046560001],
            [-71.067780588, 42.2714296560001],
            [-71.067704588, 42.2714986560001],
            [-71.067522589, 42.271513656],
            [-71.067281589, 42.2714586560001],
            [-71.066955589, 42.2714126560001],
            [-71.066414588, 42.271328656],
            [-71.066036588, 42.2712766560001],
            [-71.065769587, 42.271209657],
            [-71.065458587, 42.2710156570001],
            [-71.0652845879999, 42.2708486560001],
            [-71.065253588, 42.2708176560001],
            [-71.065097587, 42.2706676560001],
            [-71.064905588, 42.2703996560001],
            [-71.064781587, 42.2701756560001],
            [-71.064747588, 42.2699636570001],
            [-71.064784587, 42.2698606560001],
            [-71.064825587, 42.269749656],
            [-71.065012587, 42.2694736560001],
            [-71.065033588, 42.2692946560001],
            [-71.064937588, 42.2689796560001],
            [-71.064695587, 42.2686156560001],
            [-71.064104587, 42.2681266560001],
            [-71.063953587, 42.2679846560001],
            [-71.063513587, 42.2675686550001],
            [-71.063102586, 42.267352655],
            [-71.062891586, 42.2672946550001],
            [-71.062600587, 42.267214655],
            [-71.062189586, 42.267167656],
            [-71.0618285859999, 42.267216655],
            [-71.0614235859999, 42.2673336550001],
            [-71.060979586, 42.2674626560001],
            [-71.058678586, 42.2687946560001],
            [-71.0578925849999, 42.269277657],
            [-71.0566015859999, 42.270068656],
            [-71.0554115849999, 42.2707246570001],
            [-71.055039585, 42.2709496570001],
            [-71.054334584, 42.2713746570001],
            [-71.053836584, 42.271707657],
            [-71.053691584, 42.271824657],
            [-71.053605584, 42.2719626570001],
            [-71.053507584, 42.2722376570001],
            [-71.053493584, 42.272246657],
            [-71.053494584, 42.2724666570001],
            [-71.054073584, 42.2734046570001],
            [-71.054102585, 42.2734516570001],
            [-71.054996584, 42.2741766570001],
            [-71.055349585, 42.2746296570001],
            [-71.055388585, 42.274704657],
            [-71.055575585, 42.275060657],
            [-71.055585586, 42.275717657],
            [-71.055467585, 42.275938657],
            [-71.055245585, 42.2763516570001],
            [-71.0549185849999, 42.276613658],
            [-71.054401584, 42.2770276580001],
            [-71.053912584, 42.2772746580001],
            [-71.053490584, 42.2774336570001],
            [-71.053284584, 42.277510658],
            [-71.053508584, 42.277734658],
            [-71.053624584, 42.2778586580001],
            [-71.0537065839999, 42.2779546580001],
            [-71.0537485849999, 42.2780046570001],
            [-71.053767584, 42.2780376580001]
          ]
        ]
      },
      "properties": {
        "OBJECTID": 4,
        "Ward1": "17",
        "COUNT_": 14,
        "WardLabel": "Ward 17",
        "Shape_Leng": 18304.8348768,
        "Shape_Length": 0.14227637839683,
        "Shape_Area": 0.00046927792303304,
        "shape_wkt": null
      }
    },
    {
      "type": "Feature",
      "id": 5,
      "geometry": {
        "type": "Polygon",
        "coordinates": [
          [
            [-71.093182597, 42.2793946570001],
            [-71.093164598, 42.279449657],
            [-71.093137597, 42.2795306570001],
            [-71.092968598, 42.2800296570001],
            [-71.092706597, 42.2801156570001],
            [-71.091707597, 42.2795556580001],
            [-71.090771596, 42.2790606570001],
            [-71.089939596, 42.2785916570001],
            [-71.089692597, 42.278819657],
            [-71.089466596, 42.2790646570001],
            [-71.0891635959999, 42.2793836560001],
            [-71.088589596, 42.279964658],
            [-71.088454596, 42.280104658],
            [-71.0874795949999, 42.279628657],
            [-71.087167595, 42.279471657],
            [-71.0871115959999, 42.2793896570001],
            [-71.086926596, 42.2793526570001],
            [-71.086320596, 42.2799566570001],
            [-71.086091595, 42.2802246570001],
            [-71.085841594, 42.2805426570001],
            [-71.085504594, 42.280999658],
            [-71.085463595, 42.2810536580001],
            [-71.083818595, 42.2832466580001],
            [-71.083283594, 42.2839446580001],
            [-71.0830485939999, 42.2842526590001],
            [-71.0827965939999, 42.2845416580001],
            [-71.082432594, 42.2849286580001],
            [-71.082052594, 42.285280658],
            [-71.0812245939999, 42.2860156580001],
            [-71.080893594, 42.2863106580001],
            [-71.080555594, 42.2866316590001],
            [-71.080371594, 42.2867896590001],
            [-71.0800095929999, 42.2871286590001],
            [-71.079991594, 42.287145658],
            [-71.079862594, 42.2872686580001],
            [-71.079507593, 42.2876936590001],
            [-71.079187593, 42.2881456590001],
            [-71.078913593, 42.2885856600001],
            [-71.078712593, 42.288987659],
            [-71.078537593, 42.2893436590001],
            [-71.078507593, 42.289441659],
            [-71.078400593, 42.2898186590001],
            [-71.078314593, 42.29018366],
            [-71.078263594, 42.2904346600001],
            [-71.078199593, 42.2907826590001],
            [-71.078160593, 42.29110366],
            [-71.0781435929999, 42.29134766],
            [-71.0781435929999, 42.2916326590001],
            [-71.078147593, 42.2920306600001],
            [-71.078195593, 42.2925066600001],
            [-71.078481594, 42.2943546600001],
            [-71.078689593, 42.2956556600001],
            [-71.078852594, 42.2967166610001],
            [-71.078448593, 42.29680266],
            [-71.078191593, 42.29686266],
            [-71.077739594, 42.29695866],
            [-71.077276593, 42.2970706610001],
            [-71.0770365939999, 42.2971186610001],
            [-71.076709593, 42.297181661],
            [-71.076540592, 42.297221661],
            [-71.076398592, 42.29727366],
            [-71.076289593, 42.2973216610001],
            [-71.0762295929999, 42.2973946610001],
            [-71.076102593, 42.2976376610001],
            [-71.076030593, 42.2978476610001],
            [-71.0757375919999, 42.2984306610001],
            [-71.075589593, 42.298664661],
            [-71.075518593, 42.2987456610001],
            [-71.075430593, 42.298818661],
            [-71.075272593, 42.2988946610001],
            [-71.0751955929999, 42.2989186610001],
            [-71.075004593, 42.2989816620001],
            [-71.074623592, 42.2990786610001],
            [-71.0740725919999, 42.2992586610001],
            [-71.073811592, 42.299331662],
            [-71.0736415919999, 42.299379661],
            [-71.072927592, 42.299587661],
            [-71.0727435919999, 42.2996666610001],
            [-71.072648592, 42.2997076610001],
            [-71.072435592, 42.299832662],
            [-71.072299592, 42.299945662],
            [-71.072184592, 42.3000466620001],
            [-71.072129591, 42.300143662],
            [-71.072068591, 42.3002776610001],
            [-71.072034592, 42.3004356610001],
            [-71.072016591, 42.300687662],
            [-71.0720225919999, 42.301271662],
            [-71.072011591, 42.301472662],
            [-71.071994592, 42.3015736620001],
            [-71.071944592, 42.301695662],
            [-71.0718915909999, 42.301789662],
            [-71.071859592, 42.301847663],
            [-71.071701592, 42.3021156620001],
            [-71.071591592, 42.3023626620001],
            [-71.071569591, 42.302438662],
            [-71.071512592, 42.3027506620001],
            [-71.071454592, 42.303317662],
            [-71.071426591, 42.3034156620001],
            [-71.071559592, 42.303496662],
            [-71.071680592, 42.3035826620001],
            [-71.0720235919999, 42.303990663],
            [-71.072480592, 42.304373663],
            [-71.072692592, 42.304508662],
            [-71.072871592, 42.3045936630001],
            [-71.073117593, 42.3046806620001],
            [-71.073590592, 42.3047956620001],
            [-71.0741615919999, 42.304918662],
            [-71.074049593, 42.304943662],
            [-71.0739765929999, 42.3049746620001],
            [-71.0735945929999, 42.3052206630001],
            [-71.073378592, 42.305327662],
            [-71.0732095929999, 42.305386663],
            [-71.0729925919999, 42.3054486630001],
            [-71.0726495929999, 42.3055306630001],
            [-71.072424592, 42.3055646620001],
            [-71.0723165919999, 42.305574662],
            [-71.072097592, 42.3055716630001],
            [-71.072078592, 42.305682663],
            [-71.072049592, 42.3057596630001],
            [-71.071945592, 42.305972662],
            [-71.071632592, 42.306487663],
            [-71.071528591, 42.306621663],
            [-71.071518592, 42.3066566630001],
            [-71.071532592, 42.3066806630001],
            [-71.071588592, 42.3067266630001],
            [-71.071756592, 42.306779663],
            [-71.071990591, 42.3068676620001],
            [-71.072613592, 42.3071296630001],
            [-71.073139592, 42.307349663],
            [-71.073385592, 42.3074646630001],
            [-71.073413592, 42.3074856630001],
            [-71.073466593, 42.3075096630001],
            [-71.073758593, 42.3076046630001],
            [-71.073790592, 42.3076506630001],
            [-71.073812592, 42.307686663],
            [-71.073912593, 42.3076896630001],
            [-71.073778593, 42.3078506630001],
            [-71.073648592, 42.308024663],
            [-71.073501593, 42.308223663],
            [-71.0733465929999, 42.3084786630001],
            [-71.072822593, 42.3094796630001],
            [-71.072686593, 42.3097936630001],
            [-71.0725645919999, 42.3100756640001],
            [-71.072431592, 42.3103696640001],
            [-71.071880592, 42.3114066630001],
            [-71.071623592, 42.311889664],
            [-71.0719325919999, 42.3119936640001],
            [-71.0721985929999, 42.3120416640001],
            [-71.0727865929999, 42.312161664],
            [-71.073171593, 42.312230664],
            [-71.0736175929999, 42.3124066630001],
            [-71.0740875929999, 42.3126156640001],
            [-71.074649593, 42.3128496640001],
            [-71.074679594, 42.3127546630001],
            [-71.074726593, 42.3126696640001],
            [-71.0748125929999, 42.312539664],
            [-71.074998593, 42.3122326640001],
            [-71.0751255929999, 42.312049663],
            [-71.075878593, 42.3124346640001],
            [-71.0766275939999, 42.3128036640001],
            [-71.077947594, 42.3134506650001],
            [-71.079168594, 42.3140566640001],
            [-71.079401595, 42.3136846640001],
            [-71.079497594, 42.3135216640001],
            [-71.079683595, 42.3132276640001],
            [-71.080088595, 42.312699664],
            [-71.080312595, 42.3124266630001],
            [-71.0807435959999, 42.3118996630001],
            [-71.081148595, 42.311371663],
            [-71.081574595, 42.3108446630001],
            [-71.081706595, 42.3106636630001],
            [-71.082012595, 42.3102646630001],
            [-71.082514596, 42.3096696630001],
            [-71.082668596, 42.3095436630001],
            [-71.0827445959999, 42.309439663],
            [-71.082804596, 42.3093396630001],
            [-71.0829745949999, 42.309009663],
            [-71.083078596, 42.3087806630001],
            [-71.083092596, 42.3087496630001],
            [-71.083254596, 42.3084776630001],
            [-71.083686596, 42.3078996620001],
            [-71.083898596, 42.3075986630001],
            [-71.084029595, 42.3074256630001],
            [-71.084189596, 42.3071996620001],
            [-71.0842995959999, 42.3070236620001],
            [-71.084403596, 42.306805662],
            [-71.084475596, 42.3066166620001],
            [-71.084552596, 42.3063866620001],
            [-71.084619596, 42.3061246620001],
            [-71.084653596, 42.3059396620001],
            [-71.084692596, 42.305616662],
            [-71.084721596, 42.305455662],
            [-71.084741597, 42.3052856620001],
            [-71.084850596, 42.304714662],
            [-71.084923596, 42.3044366620001],
            [-71.085000596, 42.3041866620001],
            [-71.0852465959999, 42.303454661],
            [-71.085362597, 42.3031016620001],
            [-71.0855585959999, 42.3025036610001],
            [-71.085727596, 42.3019616620001],
            [-71.085903596, 42.301389661],
            [-71.0859185959999, 42.301342661],
            [-71.086164596, 42.300638662],
            [-71.0862565959999, 42.300397661],
            [-71.086404596, 42.300011661],
            [-71.086541596, 42.29957066],
            [-71.086692596, 42.299113661],
            [-71.086791596, 42.2987826610001],
            [-71.086936597, 42.2983656600001],
            [-71.086992596, 42.2981506610001],
            [-71.087420596, 42.2980516600001],
            [-71.088598597, 42.2977536610001],
            [-71.089635598, 42.2975066600001],
            [-71.090059598, 42.297399661],
            [-71.090480597, 42.29726766],
            [-71.090921598, 42.2971166610001],
            [-71.0911825969999, 42.2970086600001],
            [-71.091350598, 42.296930661],
            [-71.091437597, 42.2968736610001],
            [-71.091568598, 42.2967576610001],
            [-71.091715598, 42.2965686600001],
            [-71.092208598, 42.2958876600001],
            [-71.092329597, 42.29576466],
            [-71.0925765979999, 42.2954406600001],
            [-71.093173598, 42.2946216600001],
            [-71.0932265979999, 42.29454966],
            [-71.094273598, 42.29331066],
            [-71.094351598, 42.2932266600001],
            [-71.0944415989999, 42.29313066],
            [-71.094542599, 42.2930296600001],
            [-71.094680599, 42.29308366],
            [-71.095060598, 42.2930916600001],
            [-71.095307599, 42.2930966590001],
            [-71.096402599, 42.293243659],
            [-71.0963305989999, 42.2931646600001],
            [-71.096200599, 42.2929376590001],
            [-71.096181599, 42.2928946600001],
            [-71.0963305989999, 42.2928706600001],
            [-71.0963606, 42.2929336600001],
            [-71.096414599, 42.293040659],
            [-71.096546599, 42.2932306590001],
            [-71.0989486, 42.2929806590001],
            [-71.0998216, 42.29295166],
            [-71.1005206, 42.2930056590001],
            [-71.1010105999999, 42.2931056590001],
            [-71.1013906009999, 42.293180659],
            [-71.1016836009999, 42.2931736590001],
            [-71.1019486, 42.2929876600001],
            [-71.102685601, 42.292280659],
            [-71.102910602, 42.2920676590001],
            [-71.103694602, 42.2914176590001],
            [-71.1037536009999, 42.2913636580001],
            [-71.103927601, 42.2912046590001],
            [-71.104034602, 42.291106659],
            [-71.1042656019999, 42.2909176590001],
            [-71.104713601, 42.2905526590001],
            [-71.105351602, 42.2900096590001],
            [-71.105477601, 42.2899076590001],
            [-71.105666602, 42.289753659],
            [-71.105884602, 42.2896156590001],
            [-71.1061106019999, 42.2895446580001],
            [-71.106871603, 42.2893386590001],
            [-71.107089603, 42.2892426590001],
            [-71.107420603, 42.2890286590001],
            [-71.107635603, 42.288876659],
            [-71.107759602, 42.288789658],
            [-71.107947603, 42.2886246590001],
            [-71.107367602, 42.2881886580001],
            [-71.107054602, 42.2879646580001],
            [-71.106755602, 42.2877496580001],
            [-71.1066526019999, 42.2876716590001],
            [-71.106350601, 42.2874486580001],
            [-71.105678602, 42.2869496590001],
            [-71.105401601, 42.2867266580001],
            [-71.104959601, 42.286364658],
            [-71.1041986019999, 42.2857706580001],
            [-71.1026946009999, 42.2845466580001],
            [-71.102408601, 42.2843296580001],
            [-71.1018856, 42.2839276570001],
            [-71.101762601, 42.2838356570001],
            [-71.101022601, 42.2833076570001],
            [-71.1004076, 42.2828456570001],
            [-71.0999046, 42.282493657],
            [-71.0996326, 42.2823446580001],
            [-71.0993015989999, 42.282147658],
            [-71.098804599, 42.2818926580001],
            [-71.098450599, 42.281706657],
            [-71.0984245989999, 42.2816926570001],
            [-71.098320599, 42.281638657],
            [-71.098065598, 42.281431657],
            [-71.0979285989999, 42.2812706570001],
            [-71.097564599, 42.2808466560001],
            [-71.097096598, 42.2802816560001],
            [-71.0969615989999, 42.2801366570001],
            [-71.096807599, 42.279971657],
            [-71.096325599, 42.2795266570001],
            [-71.096283599, 42.279478657],
            [-71.095933599, 42.279158657],
            [-71.095396598, 42.2786306570001],
            [-71.094976598, 42.2782476570001],
            [-71.094611598, 42.2779876560001],
            [-71.094114598, 42.2776196570001],
            [-71.093763597, 42.2773656570001],
            [-71.093576597, 42.2772566570001],
            [-71.093555598, 42.2776206560001],
            [-71.093541597, 42.277966657],
            [-71.093522597, 42.278173657],
            [-71.093490597, 42.2784296560001],
            [-71.093454597, 42.2785836570001],
            [-71.0934345969999, 42.278638657],
            [-71.093382597, 42.2787846570001],
            [-71.093182597, 42.2793946570001]
          ]
        ]
      },
      "properties": {
        "OBJECTID": 5,
        "Ward1": "14",
        "COUNT_": 14,
        "WardLabel": "Ward 14",
        "Shape_Leng": 16621.3977335,
        "Shape_Length": 0.126747732312661,
        "Shape_Area": 0.000536167880952475,
        "shape_wkt": null
      }
    },
    {
      "type": "Feature",
      "id": 6,
      "geometry": {
        "type": "Polygon",
        "coordinates": [
          [
            [-71.068747591, 42.3186026650001],
            [-71.0682425919999, 42.318413665],
            [-71.067968591, 42.318297665],
            [-71.067426591, 42.3180666650001],
            [-71.067239591, 42.3179926660001],
            [-71.066837591, 42.317824665],
            [-71.066559591, 42.317694665],
            [-71.06621659, 42.3175536650001],
            [-71.06541759, 42.3171886650001],
            [-71.065200591, 42.3170796650001],
            [-71.06501059, 42.3169996660001],
            [-71.0645765909999, 42.3168246650001],
            [-71.06382759, 42.3165066650001],
            [-71.06314059, 42.3162026640001],
            [-71.06271859, 42.3160146650001],
            [-71.062594589, 42.316253665],
            [-71.062526589, 42.316414665],
            [-71.062394589, 42.3167436650001],
            [-71.062318589, 42.3169576650001],
            [-71.0622655889999, 42.317083665],
            [-71.062169589, 42.3173236650001],
            [-71.06209259, 42.317486666],
            [-71.061915589, 42.3179136650001],
            [-71.06184759, 42.318053665],
            [-71.061674589, 42.318388665],
            [-71.060650589, 42.3181386650001],
            [-71.0598815879999, 42.3179806650001],
            [-71.0596515889999, 42.3187226650001],
            [-71.059596588, 42.3188776650001],
            [-71.059447588, 42.3187826650001],
            [-71.0592715889999, 42.318703666],
            [-71.059122588, 42.318661665],
            [-71.058834588, 42.3186086650001],
            [-71.058790588, 42.3186726660001],
            [-71.058717588, 42.3187466650001],
            [-71.058882589, 42.3189456660001],
            [-71.0591125889999, 42.3192056660001],
            [-71.059217588, 42.319333665],
            [-71.0589535889999, 42.3193226660001],
            [-71.058729588, 42.3193436650001],
            [-71.058344588, 42.319402665],
            [-71.057694587, 42.3195446660001],
            [-71.057258588, 42.3196876660001],
            [-71.056764588, 42.3198606660001],
            [-71.056769588, 42.320730666],
            [-71.056578588, 42.3207806660001],
            [-71.056075587, 42.3209876660001],
            [-71.055835588, 42.3210996660001],
            [-71.055637587, 42.3211666660001],
            [-71.0553325879999, 42.3212546660001],
            [-71.054977588, 42.321328667],
            [-71.0547055869999, 42.321358666],
            [-71.054448587, 42.3213676660001],
            [-71.054135587, 42.3213706660001],
            [-71.053655587, 42.321400666],
            [-71.053476586, 42.3214076670001],
            [-71.053352587, 42.3214116660001],
            [-71.052943586, 42.3214856670001],
            [-71.052572587, 42.321474666],
            [-71.052456586, 42.321474666],
            [-71.052287586, 42.321473666],
            [-71.0520935869999, 42.3214776660001],
            [-71.052037587, 42.321472666],
            [-71.051994586, 42.321468666],
            [-71.0518095859999, 42.321452666],
            [-71.051552586, 42.3214436660001],
            [-71.051368586, 42.3214186660001],
            [-71.051230586, 42.3214146660001],
            [-71.051071586, 42.3214556660001],
            [-71.050923586, 42.321538666],
            [-71.0507265859999, 42.3217126660001],
            [-71.050528586, 42.321854667],
            [-71.050244586, 42.3220256660001],
            [-71.0502785859999, 42.321892667],
            [-71.050283585, 42.321872667],
            [-71.049432585, 42.3221536660001],
            [-71.047841585, 42.322600666],
            [-71.046227584, 42.323293667],
            [-71.045789584, 42.3235696670001],
            [-71.045414584, 42.323806667],
            [-71.045109585, 42.3240006670001],
            [-71.044999584, 42.3246046670001],
            [-71.044516584, 42.324618667],
            [-71.039583582, 42.3247456670001],
            [-71.037194582, 42.3248066670001],
            [-71.034894581, 42.3248066670001],
            [-71.0330945809999, 42.3248066670001],
            [-71.0281955789999, 42.3246076680001],
            [-71.028294579, 42.3287386690001],
            [-71.0251675769999, 42.3287496690001],
            [-71.025065578, 42.3311546690001],
            [-71.025007578, 42.3325546690001],
            [-71.0252085779999, 42.332510669],
            [-71.025236579, 42.3325286690001],
            [-71.025312578, 42.3326666690001],
            [-71.025809578, 42.3325456690001],
            [-71.027084578, 42.3324176690001],
            [-71.027102579, 42.3325906690001],
            [-71.027690579, 42.332399669],
            [-71.0281765789999, 42.332404669],
            [-71.02913558, 42.332405669],
            [-71.03119158, 42.3323686690001],
            [-71.0318855799999, 42.332359669],
            [-71.0325605799999, 42.3323466690001],
            [-71.03326258, 42.332337669],
            [-71.034320581, 42.3323186690001],
            [-71.034531581, 42.332314668],
            [-71.035296581, 42.3323016690001],
            [-71.0353205819999, 42.333119669],
            [-71.037336582, 42.3330886690001],
            [-71.038633583, 42.3330866690001],
            [-71.039091583, 42.3330686690001],
            [-71.039926583, 42.333037668],
            [-71.040746584, 42.333031669],
            [-71.040954583, 42.333033669],
            [-71.041479583, 42.3330246690001],
            [-71.041495583, 42.3334296690001],
            [-71.041511583, 42.3338356690001],
            [-71.0415305829999, 42.3346706690001],
            [-71.042936584, 42.334630669],
            [-71.044239584, 42.3345956680001],
            [-71.0449695849999, 42.334540669],
            [-71.045582585, 42.3345306690001],
            [-71.046202585, 42.3345306690001],
            [-71.046239585, 42.334559669],
            [-71.046763585, 42.334967669],
            [-71.047592585, 42.335462669],
            [-71.048593586, 42.336120669],
            [-71.048959586, 42.3358116690001],
            [-71.049320587, 42.335506669],
            [-71.049693587, 42.3351846690001],
            [-71.050036586, 42.3348866690001],
            [-71.050412587, 42.334560669],
            [-71.0507715859999, 42.334249669],
            [-71.051040587, 42.3340376690001],
            [-71.051473586, 42.3336536690001],
            [-71.051791587, 42.333415669],
            [-71.052105587, 42.3336546690001],
            [-71.0522745869999, 42.3338096690001],
            [-71.052387588, 42.333905669],
            [-71.0528625869999, 42.3342636680001],
            [-71.053187588, 42.334517668],
            [-71.053409587, 42.3346926680001],
            [-71.053708588, 42.334948669],
            [-71.054091588, 42.3352096690001],
            [-71.054418588, 42.3354106690001],
            [-71.054666588, 42.3355926690001],
            [-71.054919588, 42.3353836690001],
            [-71.055073588, 42.335263669],
            [-71.055220587, 42.3351416690001],
            [-71.055603589, 42.3357386690001],
            [-71.055684589, 42.335864669],
            [-71.055857588, 42.336134669],
            [-71.056121589, 42.336589669],
            [-71.056354588, 42.3369656690001],
            [-71.0565505879999, 42.3372936690001],
            [-71.056712589, 42.3375666690001],
            [-71.056912589, 42.337869669],
            [-71.056964589, 42.3377206690001],
            [-71.057118588, 42.3379126690001],
            [-71.057112589, 42.338341669],
            [-71.057105589, 42.338815669],
            [-71.0571135879999, 42.3389136690001],
            [-71.057225589, 42.3388106690001],
            [-71.057454589, 42.338634669],
            [-71.057823589, 42.3383606690001],
            [-71.058038589, 42.338190669],
            [-71.058134589, 42.33811567],
            [-71.0584085899999, 42.3379016700001],
            [-71.05876359, 42.337603669],
            [-71.058962589, 42.3374306690001],
            [-71.05928259, 42.337174669],
            [-71.05952559, 42.3370006690001],
            [-71.05958359, 42.3369596690001],
            [-71.05965159, 42.3369106690001],
            [-71.059702591, 42.3368676690001],
            [-71.05969759, 42.3368096690001],
            [-71.06004359, 42.336518669],
            [-71.060042589, 42.3365726690001],
            [-71.06017759, 42.3363546690001],
            [-71.0602795899999, 42.3361576680001],
            [-71.0604385899999, 42.335715668],
            [-71.06044559, 42.3357016690001],
            [-71.06058459, 42.3354546680001],
            [-71.06100959, 42.334790668],
            [-71.06143959, 42.334114668],
            [-71.06216359, 42.3329696690001],
            [-71.06249759, 42.3324446680001],
            [-71.06254259, 42.3323736680001],
            [-71.06257159, 42.3323276680001],
            [-71.062600591, 42.3322826680001],
            [-71.06269559, 42.332137667],
            [-71.0627985909999, 42.331981668],
            [-71.06290559, 42.3318146680001],
            [-71.063553591, 42.3307996680001],
            [-71.064320591, 42.3295816670001],
            [-71.065486591, 42.3277366670001],
            [-71.066388591, 42.326330667],
            [-71.066431591, 42.326264667],
            [-71.066655591, 42.3258536670001],
            [-71.0669345919999, 42.3251596660001],
            [-71.067077591, 42.324783666],
            [-71.067174591, 42.3244726660001],
            [-71.0673415919999, 42.3239196660001],
            [-71.067507591, 42.3233056660001],
            [-71.068061591, 42.321289666],
            [-71.0681075919999, 42.321110666],
            [-71.0681515919999, 42.3209436650001],
            [-71.068328591, 42.3202716660001],
            [-71.068378592, 42.3200396660001],
            [-71.0684885919999, 42.319629665],
            [-71.068747591, 42.3186026650001]
          ]
        ]
      },
      "properties": {
        "OBJECTID": 6,
        "Ward1": "07",
        "COUNT_": 10,
        "WardLabel": "Ward 7",
        "Shape_Leng": 15396.4136417,
        "Shape_Length": 0.122133013070002,
        "Shape_Area": 0.00046683916307823,
        "shape_wkt": null
      }
    },
    {
      "type": "Feature",
      "id": 7,
      "geometry": {
        "type": "Polygon",
        "coordinates": [
          [
            [-71.049456584, 42.3019246630001],
            [-71.049332584, 42.3020256620001],
            [-71.0492705839999, 42.3021166630001],
            [-71.048836584, 42.3029166630001],
            [-71.048557584, 42.3031646630001],
            [-71.048434584, 42.303315662],
            [-71.048341584, 42.303312663],
            [-71.048182584, 42.303275662],
            [-71.0480955849999, 42.303254662],
            [-71.048037584, 42.3032366630001],
            [-71.047753583, 42.3038426630001],
            [-71.041687582, 42.3021596630001],
            [-71.0414945809999, 42.3021066630001],
            [-71.041594582, 42.3037006640001],
            [-71.0416945819999, 42.3053066630001],
            [-71.0386325809999, 42.306171664],
            [-71.037094581, 42.3066066640001],
            [-71.0353735799999, 42.3070416640001],
            [-71.030208579, 42.3083486640001],
            [-71.028486577, 42.3087846650001],
            [-71.0284695779999, 42.3087886650001],
            [-71.028414578, 42.308802665],
            [-71.028395578, 42.3088076650001],
            [-71.0281955789999, 42.3246076680001],
            [-71.0330945809999, 42.3248066670001],
            [-71.034894581, 42.3248066670001],
            [-71.037194582, 42.3248066670001],
            [-71.039583582, 42.3247456670001],
            [-71.044516584, 42.324618667],
            [-71.044999584, 42.3246046670001],
            [-71.045109585, 42.3240006670001],
            [-71.045414584, 42.323806667],
            [-71.045789584, 42.3235696670001],
            [-71.046227584, 42.323293667],
            [-71.047841585, 42.322600666],
            [-71.049432585, 42.3221536660001],
            [-71.050283585, 42.321872667],
            [-71.0502785859999, 42.321892667],
            [-71.050244586, 42.3220256660001],
            [-71.050528586, 42.321854667],
            [-71.0507265859999, 42.3217126660001],
            [-71.050923586, 42.321538666],
            [-71.051071586, 42.3214556660001],
            [-71.051230586, 42.3214146660001],
            [-71.051368586, 42.3214186660001],
            [-71.051552586, 42.3214436660001],
            [-71.0518095859999, 42.321452666],
            [-71.051994586, 42.321468666],
            [-71.052037587, 42.321472666],
            [-71.0520935869999, 42.3214776660001],
            [-71.052287586, 42.321473666],
            [-71.052456586, 42.321474666],
            [-71.052572587, 42.321474666],
            [-71.052943586, 42.3214856670001],
            [-71.053352587, 42.3214116660001],
            [-71.053476586, 42.3214076670001],
            [-71.053655587, 42.321400666],
            [-71.054135587, 42.3213706660001],
            [-71.054448587, 42.3213676660001],
            [-71.0547055869999, 42.321358666],
            [-71.054977588, 42.321328667],
            [-71.0553325879999, 42.3212546660001],
            [-71.055637587, 42.3211666660001],
            [-71.055835588, 42.3210996660001],
            [-71.056075587, 42.3209876660001],
            [-71.056578588, 42.3207806660001],
            [-71.056769588, 42.320730666],
            [-71.056764588, 42.3198606660001],
            [-71.057258588, 42.3196876660001],
            [-71.057694587, 42.3195446660001],
            [-71.058344588, 42.319402665],
            [-71.058729588, 42.3193436650001],
            [-71.0589535889999, 42.3193226660001],
            [-71.059217588, 42.319333665],
            [-71.0591125889999, 42.3192056660001],
            [-71.058882589, 42.3189456660001],
            [-71.058717588, 42.3187466650001],
            [-71.058790588, 42.3186726660001],
            [-71.058834588, 42.3186086650001],
            [-71.059122588, 42.318661665],
            [-71.0592715889999, 42.318703666],
            [-71.059447588, 42.3187826650001],
            [-71.059596588, 42.3188776650001],
            [-71.0596515889999, 42.3187226650001],
            [-71.0598815879999, 42.3179806650001],
            [-71.060650589, 42.3181386650001],
            [-71.061674589, 42.318388665],
            [-71.06184759, 42.318053665],
            [-71.061915589, 42.3179136650001],
            [-71.06209259, 42.317486666],
            [-71.062169589, 42.3173236650001],
            [-71.0622655889999, 42.317083665],
            [-71.062318589, 42.3169576650001],
            [-71.062394589, 42.3167436650001],
            [-71.062526589, 42.316414665],
            [-71.062594589, 42.316253665],
            [-71.06271859, 42.3160146650001],
            [-71.06314059, 42.3162026640001],
            [-71.06382759, 42.3165066650001],
            [-71.0645765909999, 42.3168246650001],
            [-71.06501059, 42.3169996660001],
            [-71.065200591, 42.3170796650001],
            [-71.06541759, 42.3171886650001],
            [-71.06621659, 42.3175536650001],
            [-71.066559591, 42.317694665],
            [-71.066837591, 42.317824665],
            [-71.067239591, 42.3179926660001],
            [-71.067426591, 42.3180666650001],
            [-71.067968591, 42.318297665],
            [-71.0682425919999, 42.318413665],
            [-71.068747591, 42.3186026650001],
            [-71.069104591, 42.3187366660001],
            [-71.069698592, 42.318955665],
            [-71.069966592, 42.3190546650001],
            [-71.070204592, 42.319157665],
            [-71.070359592, 42.319251665],
            [-71.070459593, 42.3193276650001],
            [-71.070666592, 42.319563665],
            [-71.070868592, 42.3197896660001],
            [-71.071276592, 42.320168665],
            [-71.0719345919999, 42.3207606660001],
            [-71.072029593, 42.3208716660001],
            [-71.072094593, 42.320957666],
            [-71.072147593, 42.3210556660001],
            [-71.0721765929999, 42.3211706660001],
            [-71.072204593, 42.3213676660001],
            [-71.072352593, 42.3213286660001],
            [-71.072411593, 42.3213136650001],
            [-71.073171593, 42.3210386660001],
            [-71.073712594, 42.320848665],
            [-71.0739485939999, 42.3207816660001],
            [-71.074056593, 42.3207646660001],
            [-71.074275593, 42.320731665],
            [-71.074859593, 42.320657666],
            [-71.075005594, 42.320639666],
            [-71.075522594, 42.3205816650001],
            [-71.076677595, 42.3204876660001],
            [-71.077115595, 42.3204566650001],
            [-71.077253595, 42.3204476650001],
            [-71.077332594, 42.320443665],
            [-71.077539595, 42.3204356650001],
            [-71.077746594, 42.320439665],
            [-71.077754595, 42.3204046650001],
            [-71.077761594, 42.3202186660001],
            [-71.077758595, 42.319879665],
            [-71.077764595, 42.3197496660001],
            [-71.0777495949999, 42.319292665],
            [-71.077751594, 42.3190676660001],
            [-71.077748595, 42.3188496650001],
            [-71.0777495949999, 42.318752665],
            [-71.077761594, 42.318614665],
            [-71.077814595, 42.318304665],
            [-71.077897595, 42.317806665],
            [-71.077972595, 42.3173946640001],
            [-71.078014595, 42.317206664],
            [-71.078054594, 42.316903665],
            [-71.078151594, 42.316233664],
            [-71.078215595, 42.3158796640001],
            [-71.0782745939999, 42.315687665],
            [-71.078331594, 42.315555665],
            [-71.078483595, 42.315240664],
            [-71.078823594, 42.314616664],
            [-71.079168594, 42.3140566640001],
            [-71.077947594, 42.3134506650001],
            [-71.0766275939999, 42.3128036640001],
            [-71.075878593, 42.3124346640001],
            [-71.0751255929999, 42.312049663],
            [-71.074998593, 42.3122326640001],
            [-71.0748125929999, 42.312539664],
            [-71.074726593, 42.3126696640001],
            [-71.074679594, 42.3127546630001],
            [-71.074649593, 42.3128496640001],
            [-71.0740875929999, 42.3126156640001],
            [-71.0736175929999, 42.3124066630001],
            [-71.073171593, 42.312230664],
            [-71.0727865929999, 42.312161664],
            [-71.0721985929999, 42.3120416640001],
            [-71.0719325919999, 42.3119936640001],
            [-71.071623592, 42.311889664],
            [-71.0709875919999, 42.3131996640001],
            [-71.0709425919999, 42.3132926650001],
            [-71.070599592, 42.3140416640001],
            [-71.070481592, 42.3142816650001],
            [-71.070207592, 42.314302664],
            [-71.0692745919999, 42.314522664],
            [-71.068776591, 42.3146296640001],
            [-71.068552591, 42.3146466640001],
            [-71.067686591, 42.3146256640001],
            [-71.06742959, 42.314611664],
            [-71.067218591, 42.3146226650001],
            [-71.0668715909999, 42.3146656640001],
            [-71.066745591, 42.3146866640001],
            [-71.06639359, 42.314744665],
            [-71.06606059, 42.3148116640001],
            [-71.0658585909999, 42.314841664],
            [-71.065817591, 42.314701664],
            [-71.0657205909999, 42.3144786650001],
            [-71.06546559, 42.314028664],
            [-71.065201591, 42.3135666650001],
            [-71.06513659, 42.3134566640001],
            [-71.06499859, 42.313176664],
            [-71.064891589, 42.3130056640001],
            [-71.06475259, 42.3128416640001],
            [-71.06458459, 42.312697664],
            [-71.064413589, 42.3125776640001],
            [-71.0642675889999, 42.3124676640001],
            [-71.06374959, 42.3121446650001],
            [-71.063520589, 42.3119866640001],
            [-71.06342259, 42.3119196640001],
            [-71.063236589, 42.311780664],
            [-71.062864588, 42.3114276640001],
            [-71.06264659, 42.3112336630001],
            [-71.062511588, 42.3111126640001],
            [-71.062397588, 42.311011664],
            [-71.0621725889999, 42.310784664],
            [-71.062067589, 42.3107296640001],
            [-71.0617245889999, 42.310564664],
            [-71.060930589, 42.310296663],
            [-71.060746588, 42.3102136640001],
            [-71.060454588, 42.3101056640001],
            [-71.060224588, 42.3100806630001],
            [-71.0600615879999, 42.310088664],
            [-71.059993589, 42.310108664],
            [-71.059891588, 42.310155664],
            [-71.059810588, 42.310198664],
            [-71.059772588, 42.310245664],
            [-71.059574588, 42.310559664],
            [-71.059509587, 42.3106896640001],
            [-71.059434588, 42.3108906640001],
            [-71.059379588, 42.3110476640001],
            [-71.059255588, 42.311417664],
            [-71.058927588, 42.3124826640001],
            [-71.058881589, 42.3126596640001],
            [-71.058881589, 42.3127796640001],
            [-71.0586455879999, 42.312811664],
            [-71.058098588, 42.3128636650001],
            [-71.058025588, 42.3128716640001],
            [-71.057746588, 42.312899664],
            [-71.0572075869999, 42.312968664],
            [-71.056540587, 42.312944665],
            [-71.056213587, 42.312901665],
            [-71.056021586, 42.312872665],
            [-71.0559675869999, 42.3128526640001],
            [-71.055645588, 42.3127046640001],
            [-71.055387587, 42.3125776640001],
            [-71.055267586, 42.312499664],
            [-71.0549835859999, 42.312339665],
            [-71.055105587, 42.3121186650001],
            [-71.055284587, 42.3117266640001],
            [-71.0554325859999, 42.311364665],
            [-71.055603587, 42.3109816640001],
            [-71.055201586, 42.3108876640001],
            [-71.054846587, 42.3107936650001],
            [-71.054247586, 42.3106606650001],
            [-71.054095586, 42.310631664],
            [-71.053802586, 42.310562664],
            [-71.053506586, 42.3105016640001],
            [-71.0535575869999, 42.3103866640001],
            [-71.053601586, 42.310288664],
            [-71.053853586, 42.3097656640001],
            [-71.054054586, 42.3092836640001],
            [-71.054105587, 42.3091366640001],
            [-71.0542845859999, 42.308622664],
            [-71.054471587, 42.3080086640001],
            [-71.0547815859999, 42.3067646630001],
            [-71.055085586, 42.3056416630001],
            [-71.053457586, 42.3054036630001],
            [-71.053264586, 42.3053716630001],
            [-71.052997585, 42.3053356630001],
            [-71.052952586, 42.3052616640001],
            [-71.052719586, 42.3049186630001],
            [-71.052371585, 42.3045246630001],
            [-71.051863585, 42.3040666630001],
            [-71.051588586, 42.3038176630001],
            [-71.050852584, 42.3031866630001],
            [-71.050210584, 42.302617662],
            [-71.049456584, 42.3019246630001]
          ]
        ]
      },
      "properties": {
        "OBJECTID": 7,
        "Ward1": "13",
        "COUNT_": 10,
        "WardLabel": "Ward 13",
        "Shape_Leng": 19317.1111133,
        "Shape_Length": 0.152868992561499,
        "Shape_Area": 0.000638769294846312,
        "shape_wkt": null
      }
    },
    {
      "type": "Feature",
      "id": 8,
      "geometry": {
        "type": "Polygon",
        "coordinates": [
          [
            [-71.126377606, 42.239170648],
            [-71.1258026049999, 42.2394636490001],
            [-71.125670606, 42.2395356480001],
            [-71.122548605, 42.2411526490001],
            [-71.122117605, 42.2413776490001],
            [-71.1213896039999, 42.241750649],
            [-71.120522605, 42.242203649],
            [-71.119934604, 42.2425096490001],
            [-71.119644604, 42.2426586490001],
            [-71.119423604, 42.2427736500001],
            [-71.116529603, 42.2442826490001],
            [-71.116409603, 42.24433665],
            [-71.116155603, 42.24446865],
            [-71.115398603, 42.2448606500001],
            [-71.1152026029999, 42.2449636490001],
            [-71.1150716019999, 42.2450306500001],
            [-71.114649603, 42.2452496500001],
            [-71.114563602, 42.2452926500001],
            [-71.114460602, 42.24534665],
            [-71.113449602, 42.24587165],
            [-71.113268602, 42.24595665],
            [-71.112985602, 42.246112651],
            [-71.112614601, 42.2463046500001],
            [-71.112164601, 42.2465376500001],
            [-71.1120576019999, 42.2465936500001],
            [-71.111777601, 42.24674265],
            [-71.110937601, 42.2471856500001],
            [-71.110286601, 42.24751165],
            [-71.109931601, 42.24769365],
            [-71.109347601, 42.2479986500001],
            [-71.109349601, 42.24804865],
            [-71.1093596009999, 42.2483976500001],
            [-71.109365601, 42.2485596500001],
            [-71.1093776, 42.249129651],
            [-71.109407601, 42.2502426510001],
            [-71.1094286009999, 42.251022651],
            [-71.109462601, 42.2521136510001],
            [-71.109465601, 42.252418651],
            [-71.1094886019999, 42.253335651],
            [-71.109501601, 42.253790651],
            [-71.109524602, 42.254663652],
            [-71.109527602, 42.2547636520001],
            [-71.109544602, 42.2554206510001],
            [-71.109732601, 42.2555976510001],
            [-71.110431602, 42.256258652],
            [-71.110858602, 42.256662652],
            [-71.111391602, 42.257160652],
            [-71.1123696029999, 42.258088652],
            [-71.1123926019999, 42.258124653],
            [-71.112401602, 42.258131652],
            [-71.112433602, 42.2581586520001],
            [-71.112468603, 42.2581846520001],
            [-71.112497602, 42.2582056520001],
            [-71.112577602, 42.258286652],
            [-71.1126206019999, 42.258329652],
            [-71.1129516029999, 42.2586426520001],
            [-71.113009602, 42.2586976520001],
            [-71.113107603, 42.2587916520001],
            [-71.113122602, 42.258805653],
            [-71.1131536029999, 42.2588356520001],
            [-71.113260602, 42.258934653],
            [-71.113326603, 42.2589986530001],
            [-71.113276602, 42.2590396520001],
            [-71.113005602, 42.2592636520001],
            [-71.112758603, 42.2594656530001],
            [-71.112561603, 42.2596276530001],
            [-71.112354603, 42.2598466520001],
            [-71.1121456019999, 42.2600486530001],
            [-71.111867603, 42.260418653],
            [-71.111659602, 42.2606396530001],
            [-71.111460602, 42.2607776530001],
            [-71.111101602, 42.2609246530001],
            [-71.110754603, 42.261049653],
            [-71.110465601, 42.2611326520001],
            [-71.110325602, 42.261140653],
            [-71.110224602, 42.2611716530001],
            [-71.110082602, 42.2611966530001],
            [-71.1099866019999, 42.261208653],
            [-71.109848601, 42.2612426530001],
            [-71.109610602, 42.261275653],
            [-71.1095146019999, 42.2612836540001],
            [-71.109284601, 42.2612876520001],
            [-71.109235602, 42.2612866530001],
            [-71.109150601, 42.261302653],
            [-71.108954602, 42.2613046540001],
            [-71.108682602, 42.2612716530001],
            [-71.108473601, 42.2611816530001],
            [-71.108405601, 42.261124653],
            [-71.108337602, 42.2610676530001],
            [-71.108126601, 42.2608896530001],
            [-71.107926601, 42.2607966530001],
            [-71.107605601, 42.2606826530001],
            [-71.1074616019999, 42.2606606530001],
            [-71.107026601, 42.2606876530001],
            [-71.1067416, 42.2607326530001],
            [-71.1063326, 42.260806653],
            [-71.1060796, 42.260851653],
            [-71.105887601, 42.260871654],
            [-71.1057896, 42.260871654],
            [-71.1057706, 42.260871654],
            [-71.105743601, 42.260871654],
            [-71.1056626, 42.260870653],
            [-71.1056346, 42.260870653],
            [-71.1055956, 42.260870653],
            [-71.1055416, 42.2608806530001],
            [-71.1052606, 42.2608646530001],
            [-71.1050016, 42.2608126530001],
            [-71.1047566, 42.260672653],
            [-71.1045416, 42.2604776530001],
            [-71.1043776, 42.2602126530001],
            [-71.1041896, 42.259994653],
            [-71.1040626, 42.2598706530001],
            [-71.1039636, 42.259818653],
            [-71.1039296, 42.2597896520001],
            [-71.1038745989999, 42.259772653],
            [-71.1038276, 42.259764654],
            [-71.1037355999999, 42.2597416530001],
            [-71.1036725989999, 42.2597316530001],
            [-71.103606599, 42.2597316530001],
            [-71.1034306, 42.2597336520001],
            [-71.1033826, 42.2597306530001],
            [-71.1032855999999, 42.2597386530001],
            [-71.1031426, 42.2597606530001],
            [-71.1030046, 42.259793653],
            [-71.1026916, 42.2598926530001],
            [-71.1024085999999, 42.2600316530001],
            [-71.1022765989999, 42.260106653],
            [-71.102155599, 42.260199653],
            [-71.101853599, 42.2603846540001],
            [-71.101459599, 42.2605906530001],
            [-71.101423599, 42.2606126530001],
            [-71.1013525989999, 42.260651653],
            [-71.101313599, 42.260673653],
            [-71.101295599, 42.2606836530001],
            [-71.101055599, 42.260850653],
            [-71.100731599, 42.261078653],
            [-71.100236598, 42.2614406540001],
            [-71.0998015979999, 42.261776653],
            [-71.099571598, 42.2619636540001],
            [-71.099118598, 42.262381653],
            [-71.098864598, 42.262598654],
            [-71.098504598, 42.2627326530001],
            [-71.0982065979999, 42.262788653],
            [-71.097899598, 42.262890654],
            [-71.097740598, 42.262939654],
            [-71.0974835979999, 42.263097654],
            [-71.097218598, 42.2634716530001],
            [-71.0969205979999, 42.2639916540001],
            [-71.096752598, 42.2643466540001],
            [-71.096432598, 42.2647456540001],
            [-71.096164598, 42.265013654],
            [-71.095853598, 42.2652396550001],
            [-71.0956855969999, 42.2653596550001],
            [-71.095449596, 42.2655836540001],
            [-71.095256597, 42.2657946540001],
            [-71.095076597, 42.266043655],
            [-71.094956597, 42.2662356550001],
            [-71.094911597, 42.2662976550001],
            [-71.094778597, 42.266521654],
            [-71.094710597, 42.2666156540001],
            [-71.0946745969999, 42.2666576550001],
            [-71.094648597, 42.2666886540001],
            [-71.094633597, 42.2667796540001],
            [-71.094594597, 42.2668016550001],
            [-71.094385597, 42.2670006540001],
            [-71.0941315969999, 42.2671406540001],
            [-71.093942597, 42.267146655],
            [-71.0939085969999, 42.267148655],
            [-71.093736596, 42.267144655],
            [-71.093501596, 42.267103654],
            [-71.093410597, 42.2670906550001],
            [-71.093129596, 42.267009655],
            [-71.0929425959999, 42.266854655],
            [-71.092626596, 42.266737655],
            [-71.092300596, 42.266740655],
            [-71.0918025949999, 42.2666876550001],
            [-71.0913235959999, 42.2666036540001],
            [-71.091023595, 42.266516654],
            [-71.090817595, 42.266488655],
            [-71.0904965949999, 42.266560655],
            [-71.090258596, 42.266647655],
            [-71.090238596, 42.266680654],
            [-71.090159596, 42.2668476550001],
            [-71.090036596, 42.2671666540001],
            [-71.089988596, 42.267481655],
            [-71.089872596, 42.267753655],
            [-71.089859595, 42.2677846550001],
            [-71.0898575959999, 42.267954655],
            [-71.0898575959999, 42.2679666550001],
            [-71.0898575959999, 42.2680616550001],
            [-71.089914595, 42.268247655],
            [-71.089967596, 42.2684246550001],
            [-71.0901535959999, 42.268837655],
            [-71.090211596, 42.268993654],
            [-71.090191595, 42.269084655],
            [-71.0900385959999, 42.269330655],
            [-71.089820596, 42.2695476550001],
            [-71.0895045949999, 42.2696776550001],
            [-71.089403596, 42.2696986550001],
            [-71.089172595, 42.2697466560001],
            [-71.089150595, 42.2697506550001],
            [-71.0886725949999, 42.2697416560001],
            [-71.0881055949999, 42.2696396550001],
            [-71.087751595, 42.2695636550001],
            [-71.087631595, 42.269532655],
            [-71.086977595, 42.2693866550001],
            [-71.086722595, 42.2693376560001],
            [-71.0857235939999, 42.269127655],
            [-71.085579594, 42.2690946550001],
            [-71.085395594, 42.2690526550001],
            [-71.0842415929999, 42.268835655],
            [-71.083381593, 42.268696655],
            [-71.082761593, 42.2686426550001],
            [-71.082614593, 42.268650655],
            [-71.082499594, 42.268672656],
            [-71.0824875929999, 42.268678655],
            [-71.0822415929999, 42.268765655],
            [-71.081513593, 42.269033655],
            [-71.080852593, 42.269330655],
            [-71.080321593, 42.2694556560001],
            [-71.080003592, 42.2694726560001],
            [-71.079860592, 42.2694796550001],
            [-71.079199592, 42.2695446550001],
            [-71.078767592, 42.2695826550001],
            [-71.0785735919999, 42.2696146550001],
            [-71.078470591, 42.2696586550001],
            [-71.0782805919999, 42.2698056560001],
            [-71.078158592, 42.2699006560001],
            [-71.077846592, 42.270026655],
            [-71.077578592, 42.270162655],
            [-71.077108592, 42.2703916560001],
            [-71.076856592, 42.2704636560001],
            [-71.076492592, 42.270517656],
            [-71.076054591, 42.2705326550001],
            [-71.075631592, 42.270469657],
            [-71.0752465909999, 42.2703086560001],
            [-71.075263591, 42.2704176560001],
            [-71.075280591, 42.2705236560001],
            [-71.075410591, 42.2714576560001],
            [-71.0756495909999, 42.2714996570001],
            [-71.075961591, 42.271531656],
            [-71.076286591, 42.271532656],
            [-71.0763905919999, 42.271533656],
            [-71.076716591, 42.2715246550001],
            [-71.076986592, 42.271535656],
            [-71.077235591, 42.271551656],
            [-71.077206592, 42.271802656],
            [-71.077185592, 42.2720816560001],
            [-71.077197592, 42.2724176560001],
            [-71.077191592, 42.2725816560001],
            [-71.077255591, 42.272794656],
            [-71.0773835919999, 42.273126656],
            [-71.077521592, 42.273504657],
            [-71.077615592, 42.2737906560001],
            [-71.077781592, 42.2741726570001],
            [-71.077886592, 42.274479656],
            [-71.0779225919999, 42.274569656],
            [-71.078163592, 42.2751686570001],
            [-71.078251592, 42.275355657],
            [-71.078330592, 42.2755256560001],
            [-71.078447592, 42.2757486570001],
            [-71.078310592, 42.2758906570001],
            [-71.0781525909999, 42.2760916570001],
            [-71.077805592, 42.2765186560001],
            [-71.077251592, 42.277225657],
            [-71.077597592, 42.2773886570001],
            [-71.078293592, 42.2777036580001],
            [-71.078658592, 42.2778656570001],
            [-71.079613593, 42.2784566570001],
            [-71.079822593, 42.278593657],
            [-71.0804385929999, 42.2789686580001],
            [-71.080476593, 42.2789936570001],
            [-71.080533593, 42.2790306570001],
            [-71.081102593, 42.279402658],
            [-71.081574593, 42.2797336580001],
            [-71.0821455939999, 42.2801196580001],
            [-71.082245594, 42.2801866570001],
            [-71.082570594, 42.280350658],
            [-71.082634594, 42.2803766580001],
            [-71.082735594, 42.280417657],
            [-71.082813594, 42.2804386570001],
            [-71.083276594, 42.2805396570001],
            [-71.0844895939999, 42.2807906570001],
            [-71.0848905949999, 42.2808746580001],
            [-71.085012595, 42.2809006580001],
            [-71.0854735949999, 42.2809876580001],
            [-71.085504594, 42.280999658],
            [-71.085841594, 42.2805426570001],
            [-71.086091595, 42.2802246570001],
            [-71.086320596, 42.2799566570001],
            [-71.086926596, 42.2793526570001],
            [-71.0871115959999, 42.2793896570001],
            [-71.087167595, 42.279471657],
            [-71.0874795949999, 42.279628657],
            [-71.088454596, 42.280104658],
            [-71.088589596, 42.279964658],
            [-71.0891635959999, 42.2793836560001],
            [-71.089466596, 42.2790646570001],
            [-71.089692597, 42.278819657],
            [-71.089939596, 42.2785916570001],
            [-71.090771596, 42.2790606570001],
            [-71.091707597, 42.2795556580001],
            [-71.092706597, 42.2801156570001],
            [-71.092968598, 42.2800296570001],
            [-71.093137597, 42.2795306570001],
            [-71.093164598, 42.279449657],
            [-71.093182597, 42.2793946570001],
            [-71.093382597, 42.2787846570001],
            [-71.0934345969999, 42.278638657],
            [-71.093454597, 42.2785836570001],
            [-71.093490597, 42.2784296560001],
            [-71.093522597, 42.278173657],
            [-71.093541597, 42.277966657],
            [-71.093555598, 42.2776206560001],
            [-71.093576597, 42.2772566570001],
            [-71.093763597, 42.2773656570001],
            [-71.094114598, 42.2776196570001],
            [-71.094611598, 42.2779876560001],
            [-71.094976598, 42.2782476570001],
            [-71.095396598, 42.2786306570001],
            [-71.095933599, 42.279158657],
            [-71.096283599, 42.279478657],
            [-71.096325599, 42.2795266570001],
            [-71.096807599, 42.279971657],
            [-71.0969615989999, 42.2801366570001],
            [-71.097096598, 42.2802816560001],
            [-71.097564599, 42.2808466560001],
            [-71.0979285989999, 42.2812706570001],
            [-71.098065598, 42.281431657],
            [-71.098320599, 42.281638657],
            [-71.0984245989999, 42.2816926570001],
            [-71.098450599, 42.281706657],
            [-71.098804599, 42.2818926580001],
            [-71.0993015989999, 42.282147658],
            [-71.0996326, 42.2823446580001],
            [-71.0999046, 42.282493657],
            [-71.1004076, 42.2828456570001],
            [-71.101022601, 42.2833076570001],
            [-71.101762601, 42.2838356570001],
            [-71.1018856, 42.2839276570001],
            [-71.102408601, 42.2843296580001],
            [-71.1026946009999, 42.2845466580001],
            [-71.1041986019999, 42.2857706580001],
            [-71.104959601, 42.286364658],
            [-71.105401601, 42.2867266580001],
            [-71.105678602, 42.2869496590001],
            [-71.106350601, 42.2874486580001],
            [-71.1066526019999, 42.2876716590001],
            [-71.106755602, 42.2877496580001],
            [-71.107054602, 42.2879646580001],
            [-71.107367602, 42.2881886580001],
            [-71.107947603, 42.2886246590001],
            [-71.108522603, 42.288299658],
            [-71.109221603, 42.287935658],
            [-71.109763603, 42.287647658],
            [-71.109921603, 42.2875426580001],
            [-71.110122603, 42.287371658],
            [-71.1103196029999, 42.2871616580001],
            [-71.110563603, 42.2869586570001],
            [-71.110635604, 42.2869106580001],
            [-71.110780604, 42.2868626580001],
            [-71.111112603, 42.286788658],
            [-71.111613604, 42.286656658],
            [-71.111963604, 42.286566658],
            [-71.1121796049999, 42.2865346580001],
            [-71.112583604, 42.2865096580001],
            [-71.113281604, 42.2865006580001],
            [-71.113584605, 42.2865076570001],
            [-71.114038604, 42.2864876570001],
            [-71.114621605, 42.2864836570001],
            [-71.114869605, 42.2864796580001],
            [-71.115125605, 42.286474658],
            [-71.1154686049999, 42.286473657],
            [-71.116219605, 42.286451658],
            [-71.116398605, 42.2864486570001],
            [-71.1171796049999, 42.2864376580001],
            [-71.117903606, 42.2864196580001],
            [-71.118686606, 42.2864176580001],
            [-71.1187286059999, 42.2861926570001],
            [-71.1188176059999, 42.285509657],
            [-71.119549607, 42.2855196580001],
            [-71.119565606, 42.2850256570001],
            [-71.119588606, 42.2839186570001],
            [-71.119618606, 42.282693657],
            [-71.119634606, 42.2814906560001],
            [-71.1196726059999, 42.280855656],
            [-71.119712605, 42.2802966560001],
            [-71.119843607, 42.279550656],
            [-71.119993607, 42.278827656],
            [-71.120017606, 42.278829656],
            [-71.120378606, 42.278784656],
            [-71.1205526059999, 42.278732656],
            [-71.120872606, 42.278625656],
            [-71.121101607, 42.2785276560001],
            [-71.121534606, 42.2781626550001],
            [-71.121687606, 42.278105656],
            [-71.121927607, 42.2780676560001],
            [-71.122336607, 42.2780696560001],
            [-71.123141607, 42.2780826550001],
            [-71.123592607, 42.2780736560001],
            [-71.123642607, 42.278152656],
            [-71.123659607, 42.2782296560001],
            [-71.123672607, 42.278619656],
            [-71.123706608, 42.278914657],
            [-71.123756607, 42.2790386560001],
            [-71.123870607, 42.279255656],
            [-71.123998608, 42.279481655],
            [-71.124091608, 42.279589656],
            [-71.124225608, 42.279704656],
            [-71.124464608, 42.2799396560001],
            [-71.124627607, 42.2801166560001],
            [-71.124828608, 42.2803916560001],
            [-71.124997607, 42.2805766560001],
            [-71.125263608, 42.280717656],
            [-71.125810609, 42.280944656],
            [-71.126392608, 42.281165656],
            [-71.126616608, 42.2812706560001],
            [-71.1267086089999, 42.2813546560001],
            [-71.127577609, 42.282223656],
            [-71.1278106089999, 42.2825226570001],
            [-71.1279426089999, 42.282673657],
            [-71.1281246089999, 42.2830706560001],
            [-71.1282806089999, 42.2835646570001],
            [-71.128499609, 42.2842116570001],
            [-71.128714609, 42.284966657],
            [-71.1288236089999, 42.2853396570001],
            [-71.128916609, 42.2856036570001],
            [-71.12896761, 42.2856836570001],
            [-71.1296506099999, 42.285055657],
            [-71.1303486099999, 42.2844016560001],
            [-71.131385611, 42.2834276560001],
            [-71.132091611, 42.2827736570001],
            [-71.13269961, 42.2822096560001],
            [-71.1330936109999, 42.2818316560001],
            [-71.13353861, 42.2814216560001],
            [-71.134135611, 42.2808656550001],
            [-71.134326611, 42.2806946550001],
            [-71.134551611, 42.280497655],
            [-71.134928611, 42.2801256560001],
            [-71.135535612, 42.2795576560001],
            [-71.135667611, 42.2794556550001],
            [-71.136164612, 42.279036655],
            [-71.136483611, 42.278759655],
            [-71.136998612, 42.278331655],
            [-71.1371456109999, 42.2781906550001],
            [-71.137726613, 42.2776976550001],
            [-71.138169612, 42.277319655],
            [-71.1383176109999, 42.277184655],
            [-71.1386496119999, 42.2769096540001],
            [-71.139140612, 42.276485655],
            [-71.139620612, 42.276079655],
            [-71.140008613, 42.2757226540001],
            [-71.1402696119999, 42.2754826550001],
            [-71.140308612, 42.2754376550001],
            [-71.140653613, 42.275187655],
            [-71.140864613, 42.2750426550001],
            [-71.141240613, 42.2747666540001],
            [-71.142633613, 42.2736806550001],
            [-71.1431946129999, 42.2732356550001],
            [-71.1436646129999, 42.2728556540001],
            [-71.143451614, 42.272639654],
            [-71.143324613, 42.2725656540001],
            [-71.143175613, 42.2725176540001],
            [-71.142951613, 42.2724706540001],
            [-71.1427386139999, 42.2724096540001],
            [-71.1425186129999, 42.2723876540001],
            [-71.1424026129999, 42.2723826540001],
            [-71.142342613, 42.2723876540001],
            [-71.142237612, 42.2724066540001],
            [-71.142491613, 42.2722786540001],
            [-71.142688613, 42.2722226550001],
            [-71.142748613, 42.2722046540001],
            [-71.142803613, 42.2721896530001],
            [-71.1431946129999, 42.272126654],
            [-71.1435516129999, 42.2720886540001],
            [-71.143903613, 42.272030655],
            [-71.144041614, 42.271991654],
            [-71.1442256139999, 42.2719156530001],
            [-71.1443866129999, 42.2717996540001],
            [-71.144514614, 42.2716806540001],
            [-71.144659614, 42.2714706530001],
            [-71.144775614, 42.271251653],
            [-71.144962614, 42.2708026540001],
            [-71.145088614, 42.2705556540001],
            [-71.145302614, 42.2702436530001],
            [-71.145396613, 42.2700246530001],
            [-71.145466614, 42.2697286540001],
            [-71.145456614, 42.2694376540001],
            [-71.145406614, 42.269197654],
            [-71.145179614, 42.2685806530001],
            [-71.145106614, 42.268348653],
            [-71.145067614, 42.268147653],
            [-71.145062614, 42.267985653],
            [-71.145075614, 42.2676596530001],
            [-71.145135614, 42.2671666530001],
            [-71.145131614, 42.266977653],
            [-71.145086614, 42.2667796530001],
            [-71.1449436139999, 42.266552652],
            [-71.144640614, 42.266259652],
            [-71.1442736129999, 42.265958653],
            [-71.143975613, 42.2657346520001],
            [-71.143138613, 42.265217653],
            [-71.142828613, 42.264989653],
            [-71.142593613, 42.2647566530001],
            [-71.142497613, 42.2646696520001],
            [-71.142297613, 42.2645576530001],
            [-71.142050613, 42.264428653],
            [-71.141826612, 42.264294653],
            [-71.1416896119999, 42.2641746520001],
            [-71.1415976119999, 42.264066653],
            [-71.1415296119999, 42.2639256520001],
            [-71.141507613, 42.2638416520001],
            [-71.1469916149999, 42.2609996510001],
            [-71.1485916139999, 42.260159652],
            [-71.1490146149999, 42.2599406510001],
            [-71.1498706149999, 42.259531651],
            [-71.150015614, 42.259462651],
            [-71.151329615, 42.2588206510001],
            [-71.151274616, 42.2587736510001],
            [-71.151954615, 42.258356652],
            [-71.1521186159999, 42.2582556510001],
            [-71.151582616, 42.2580126510001],
            [-71.150386615, 42.2574686510001],
            [-71.149428615, 42.257032651],
            [-71.148734614, 42.256715651],
            [-71.147736613, 42.256261651],
            [-71.146642613, 42.2557636510001],
            [-71.146615614, 42.255614651],
            [-71.146392613, 42.2544056500001],
            [-71.146306613, 42.2539416500001],
            [-71.146127613, 42.2529726510001],
            [-71.145597612, 42.25010465],
            [-71.145368613, 42.249020649],
            [-71.145009612, 42.2473526490001],
            [-71.144938613, 42.2470086490001],
            [-71.144721612, 42.2460006490001],
            [-71.1445726119999, 42.2452926490001],
            [-71.144553613, 42.245198648],
            [-71.144543612, 42.245153649],
            [-71.144535612, 42.2451156490001],
            [-71.144394612, 42.2444226480001],
            [-71.144069611, 42.2428276480001],
            [-71.143869612, 42.241849648],
            [-71.143856612, 42.2417816490001],
            [-71.143824612, 42.2416236490001],
            [-71.143812612, 42.2415626480001],
            [-71.143664611, 42.2408426480001],
            [-71.143498612, 42.2400736480001],
            [-71.143447612, 42.2397836480001],
            [-71.143437612, 42.239730648],
            [-71.1434276109999, 42.239680648],
            [-71.1434016119999, 42.239547648],
            [-71.143362612, 42.239354647],
            [-71.143194611, 42.2385196480001],
            [-71.143091612, 42.238021647],
            [-71.143070612, 42.2379166480001],
            [-71.1429966109999, 42.2375566470001],
            [-71.142878611, 42.236979648],
            [-71.142845611, 42.2368376470001],
            [-71.142801611, 42.236600647],
            [-71.14276161, 42.236400648],
            [-71.142747611, 42.236330647],
            [-71.1426816119999, 42.2360066470001],
            [-71.1423926099999, 42.2358096470001],
            [-71.14214061, 42.2356246470001],
            [-71.14159261, 42.235254647],
            [-71.14094861, 42.2348186470001],
            [-71.140029611, 42.234197647],
            [-71.1392416099999, 42.2336686470001],
            [-71.1387686099999, 42.233344646],
            [-71.13824561, 42.2329896460001],
            [-71.1380526089999, 42.232863647],
            [-71.137098609, 42.232217647],
            [-71.136872608, 42.232058646],
            [-71.136665609, 42.2319186460001],
            [-71.135821608, 42.2313486470001],
            [-71.133022608, 42.2294576460001],
            [-71.1326336079999, 42.2291936460001],
            [-71.132517607, 42.229112646],
            [-71.132434608, 42.2290596460001],
            [-71.132195607, 42.228907646],
            [-71.1319376069999, 42.2287236460001],
            [-71.131811607, 42.228637647],
            [-71.1315116069999, 42.228435646],
            [-71.131469607, 42.2284066460001],
            [-71.1313056069999, 42.2282956460001],
            [-71.131209607, 42.228230646],
            [-71.131112607, 42.228165646],
            [-71.1309736059999, 42.228071646],
            [-71.130845606, 42.227984646],
            [-71.130771607, 42.2279346460001],
            [-71.1307496059999, 42.227919645],
            [-71.130658607, 42.2279926460001],
            [-71.130525607, 42.228098645],
            [-71.130347606, 42.2283246470001],
            [-71.130268607, 42.2285096460001],
            [-71.130191607, 42.2286036450001],
            [-71.130101606, 42.2286766460001],
            [-71.1299566069999, 42.2287396460001],
            [-71.129674606, 42.2287626460001],
            [-71.1294866059999, 42.2287906460001],
            [-71.1294596069999, 42.2288066460001],
            [-71.129356607, 42.228863646],
            [-71.129202607, 42.228975646],
            [-71.129068607, 42.2291476460001],
            [-71.128954606, 42.2293246460001],
            [-71.128906606, 42.229519646],
            [-71.128889607, 42.229655646],
            [-71.128864607, 42.2297296470001],
            [-71.128803606, 42.229811646],
            [-71.128752606, 42.2298446470001],
            [-71.1286766059999, 42.2298876470001],
            [-71.128500606, 42.230010646],
            [-71.1282526059999, 42.2301926470001],
            [-71.128078606, 42.2303806460001],
            [-71.1279626049999, 42.230552646],
            [-71.1277556059999, 42.2307896470001],
            [-71.1276446059999, 42.2309676460001],
            [-71.1275306059999, 42.2311236460001],
            [-71.127420606, 42.231184646],
            [-71.1272206049999, 42.2312156460001],
            [-71.126997606, 42.2312356470001],
            [-71.126781606, 42.2312346460001],
            [-71.126609606, 42.231272647],
            [-71.126389605, 42.231379647],
            [-71.126223605, 42.231536647],
            [-71.126164605, 42.2316436460001],
            [-71.126050605, 42.231764646],
            [-71.125952605, 42.2318256470001],
            [-71.125814605, 42.231877647],
            [-71.1256376059999, 42.2318816470001],
            [-71.125477606, 42.2318906470001],
            [-71.1254386049999, 42.2319086470001],
            [-71.125352605, 42.231945647],
            [-71.125230605, 42.2320656470001],
            [-71.125119605, 42.232239647],
            [-71.125064605, 42.232367647],
            [-71.124973605, 42.2324776470001],
            [-71.124881605, 42.232548647],
            [-71.124848605, 42.2325686470001],
            [-71.124745605, 42.2326306470001],
            [-71.1245836049999, 42.2327876470001],
            [-71.124524606, 42.232912647],
            [-71.124503606, 42.2331016470001],
            [-71.124511605, 42.2331656470001],
            [-71.124530604, 42.233226647],
            [-71.124608604, 42.2333196480001],
            [-71.124662605, 42.233513648],
            [-71.124715605, 42.233649648],
            [-71.124719606, 42.2337536470001],
            [-71.124679605, 42.2338496470001],
            [-71.1245876039999, 42.2340206480001],
            [-71.124498605, 42.2341316480001],
            [-71.124462606, 42.234169647],
            [-71.124396605, 42.234211648],
            [-71.124234604, 42.2342936480001],
            [-71.124053605, 42.234330647],
            [-71.123811605, 42.234329648],
            [-71.123607605, 42.2342976470001],
            [-71.123376604, 42.234261647],
            [-71.123132605, 42.234239647],
            [-71.1229386049999, 42.2342576470001],
            [-71.122890604, 42.2342736480001],
            [-71.122871604, 42.2342796470001],
            [-71.122825605, 42.2342946480001],
            [-71.122738604, 42.2343236470001],
            [-71.122640604, 42.2343846470001],
            [-71.122604604, 42.2344456480001],
            [-71.122602604, 42.2345236470001],
            [-71.122599604, 42.2346516480001],
            [-71.122581604, 42.234716647],
            [-71.122566604, 42.234774648],
            [-71.122484604, 42.2348556470001],
            [-71.122464604, 42.234939647],
            [-71.122475605, 42.2350586470001],
            [-71.1225176039999, 42.235207648],
            [-71.122618604, 42.235318647],
            [-71.122638604, 42.235388647],
            [-71.1226736039999, 42.2354146480001],
            [-71.122755604, 42.235432647],
            [-71.1229656049999, 42.2355846470001],
            [-71.123270605, 42.2357866470001],
            [-71.123339605, 42.235861648],
            [-71.123478605, 42.2359346470001],
            [-71.123813605, 42.2361916470001],
            [-71.124084604, 42.236396648],
            [-71.124236605, 42.236554648],
            [-71.124457605, 42.236869648],
            [-71.124546604, 42.2371576480001],
            [-71.124612605, 42.2372686480001],
            [-71.124689605, 42.2373736480001],
            [-71.1247636049999, 42.237437648],
            [-71.1248536049999, 42.2374846480001],
            [-71.1250096059999, 42.237545648],
            [-71.125043605, 42.2375576480001],
            [-71.125091606, 42.2375746480001],
            [-71.125242606, 42.237634648],
            [-71.125381605, 42.2376876480001],
            [-71.125475606, 42.2377476470001],
            [-71.125540605, 42.237789648],
            [-71.125681605, 42.237909648],
            [-71.1257046059999, 42.2379806490001],
            [-71.125769606, 42.2382096480001],
            [-71.125874605, 42.2384166480001],
            [-71.125951605, 42.2385736480001],
            [-71.126025606, 42.2387076480001],
            [-71.126079606, 42.238803648],
            [-71.126141606, 42.2389266480001],
            [-71.126296606, 42.2390716480001],
            [-71.126377606, 42.239170648]
          ]
        ]
      },
      "properties": {
        "OBJECTID": 8,
        "Ward1": "18",
        "COUNT_": 23,
        "WardLabel": "Ward 18",
        "Shape_Leng": 34145.4952368,
        "Shape_Length": 0.264887710755494,
        "Shape_Area": 0.00208143426475755,
        "shape_wkt": null
      }
    },
    {
      "type": "Feature",
      "id": 9,
      "geometry": {
        "type": "Polygon",
        "coordinates": [
          [
            [-71.072089591, 42.2987386610001],
            [-71.071368591, 42.2989616610001],
            [-71.07000159, 42.2993466620001],
            [-71.069150591, 42.2995806610001],
            [-71.068936591, 42.2996376620001],
            [-71.06818859, 42.2998386620001],
            [-71.06748759, 42.3000246610001],
            [-71.06684859, 42.3001786620001],
            [-71.06632459, 42.300309661],
            [-71.06622759, 42.3003346620001],
            [-71.066004589, 42.300215662],
            [-71.065517589, 42.299917662],
            [-71.065107589, 42.2996786620001],
            [-71.064753588, 42.299473661],
            [-71.0644035889999, 42.2992626610001],
            [-71.06432059, 42.2992136620001],
            [-71.063757589, 42.299465662],
            [-71.063426589, 42.2995966610001],
            [-71.063058589, 42.2997006620001],
            [-71.062541588, 42.2998266610001],
            [-71.061857588, 42.3000036620001],
            [-71.061278589, 42.3001566620001],
            [-71.060915587, 42.3002506610001],
            [-71.060553588, 42.300300662],
            [-71.0603775879999, 42.3003086620001],
            [-71.060310587, 42.3003116620001],
            [-71.060163588, 42.3003106620001],
            [-71.059042587, 42.3003416620001],
            [-71.058303587, 42.300366662],
            [-71.0578805869999, 42.3003876620001],
            [-71.057545586, 42.300435662],
            [-71.057283587, 42.3005106620001],
            [-71.057042586, 42.3005906620001],
            [-71.0567605859999, 42.300710662],
            [-71.056482587, 42.300862662],
            [-71.056284586, 42.3010126620001],
            [-71.056159587, 42.301134662],
            [-71.056092587, 42.3012046630001],
            [-71.0560175859999, 42.3012816630001],
            [-71.055954587, 42.301382662],
            [-71.055885586, 42.301511663],
            [-71.055801586, 42.301678662],
            [-71.055756586, 42.301825663],
            [-71.055692587, 42.302506663],
            [-71.055692587, 42.302531663],
            [-71.055692587, 42.3025916620001],
            [-71.055692587, 42.302641663],
            [-71.0556975869999, 42.3029906630001],
            [-71.0556515869999, 42.303401663],
            [-71.055558587, 42.303831663],
            [-71.0554325859999, 42.304331663],
            [-71.055190586, 42.305255663],
            [-71.055085586, 42.3056416630001],
            [-71.0547815859999, 42.3067646630001],
            [-71.054471587, 42.3080086640001],
            [-71.0542845859999, 42.308622664],
            [-71.054105587, 42.3091366640001],
            [-71.054054586, 42.3092836640001],
            [-71.053853586, 42.3097656640001],
            [-71.053601586, 42.310288664],
            [-71.0535575869999, 42.3103866640001],
            [-71.053506586, 42.3105016640001],
            [-71.053802586, 42.310562664],
            [-71.054095586, 42.310631664],
            [-71.054247586, 42.3106606650001],
            [-71.054846587, 42.3107936650001],
            [-71.055201586, 42.3108876640001],
            [-71.055603587, 42.3109816640001],
            [-71.0554325859999, 42.311364665],
            [-71.055284587, 42.3117266640001],
            [-71.055105587, 42.3121186650001],
            [-71.0549835859999, 42.312339665],
            [-71.055267586, 42.312499664],
            [-71.055387587, 42.3125776640001],
            [-71.055645588, 42.3127046640001],
            [-71.0559675869999, 42.3128526640001],
            [-71.056021586, 42.312872665],
            [-71.056213587, 42.312901665],
            [-71.056540587, 42.312944665],
            [-71.0572075869999, 42.312968664],
            [-71.057746588, 42.312899664],
            [-71.058025588, 42.3128716640001],
            [-71.058098588, 42.3128636650001],
            [-71.0586455879999, 42.312811664],
            [-71.058881589, 42.3127796640001],
            [-71.058881589, 42.3126596640001],
            [-71.058927588, 42.3124826640001],
            [-71.059255588, 42.311417664],
            [-71.059379588, 42.3110476640001],
            [-71.059434588, 42.3108906640001],
            [-71.059509587, 42.3106896640001],
            [-71.059574588, 42.310559664],
            [-71.059772588, 42.310245664],
            [-71.059810588, 42.310198664],
            [-71.059891588, 42.310155664],
            [-71.059993589, 42.310108664],
            [-71.0600615879999, 42.310088664],
            [-71.060224588, 42.3100806630001],
            [-71.060454588, 42.3101056640001],
            [-71.060746588, 42.3102136640001],
            [-71.060930589, 42.310296663],
            [-71.0617245889999, 42.310564664],
            [-71.062067589, 42.3107296640001],
            [-71.0621725889999, 42.310784664],
            [-71.062397588, 42.311011664],
            [-71.062511588, 42.3111126640001],
            [-71.06264659, 42.3112336630001],
            [-71.062864588, 42.3114276640001],
            [-71.063236589, 42.311780664],
            [-71.06342259, 42.3119196640001],
            [-71.063520589, 42.3119866640001],
            [-71.06374959, 42.3121446650001],
            [-71.0642675889999, 42.3124676640001],
            [-71.064413589, 42.3125776640001],
            [-71.06458459, 42.312697664],
            [-71.06475259, 42.3128416640001],
            [-71.064891589, 42.3130056640001],
            [-71.06499859, 42.313176664],
            [-71.06513659, 42.3134566640001],
            [-71.065201591, 42.3135666650001],
            [-71.06546559, 42.314028664],
            [-71.0657205909999, 42.3144786650001],
            [-71.065817591, 42.314701664],
            [-71.0658585909999, 42.314841664],
            [-71.06606059, 42.3148116640001],
            [-71.06639359, 42.314744665],
            [-71.066745591, 42.3146866640001],
            [-71.0668715909999, 42.3146656640001],
            [-71.067218591, 42.3146226650001],
            [-71.06742959, 42.314611664],
            [-71.067686591, 42.3146256640001],
            [-71.068552591, 42.3146466640001],
            [-71.068776591, 42.3146296640001],
            [-71.0692745919999, 42.314522664],
            [-71.070207592, 42.314302664],
            [-71.070481592, 42.3142816650001],
            [-71.070599592, 42.3140416640001],
            [-71.0709425919999, 42.3132926650001],
            [-71.0709875919999, 42.3131996640001],
            [-71.071623592, 42.311889664],
            [-71.071880592, 42.3114066630001],
            [-71.072431592, 42.3103696640001],
            [-71.0725645919999, 42.3100756640001],
            [-71.072686593, 42.3097936630001],
            [-71.072822593, 42.3094796630001],
            [-71.0733465929999, 42.3084786630001],
            [-71.073501593, 42.308223663],
            [-71.073648592, 42.308024663],
            [-71.073778593, 42.3078506630001],
            [-71.073912593, 42.3076896630001],
            [-71.073812592, 42.307686663],
            [-71.073790592, 42.3076506630001],
            [-71.073758593, 42.3076046630001],
            [-71.073466593, 42.3075096630001],
            [-71.073413592, 42.3074856630001],
            [-71.073385592, 42.3074646630001],
            [-71.073139592, 42.307349663],
            [-71.072613592, 42.3071296630001],
            [-71.071990591, 42.3068676620001],
            [-71.071756592, 42.306779663],
            [-71.071588592, 42.3067266630001],
            [-71.071532592, 42.3066806630001],
            [-71.071518592, 42.3066566630001],
            [-71.071528591, 42.306621663],
            [-71.071632592, 42.306487663],
            [-71.071945592, 42.305972662],
            [-71.072049592, 42.3057596630001],
            [-71.072078592, 42.305682663],
            [-71.072097592, 42.3055716630001],
            [-71.0723165919999, 42.305574662],
            [-71.072424592, 42.3055646620001],
            [-71.0726495929999, 42.3055306630001],
            [-71.0729925919999, 42.3054486630001],
            [-71.0732095929999, 42.305386663],
            [-71.073378592, 42.305327662],
            [-71.0735945929999, 42.3052206630001],
            [-71.0739765929999, 42.3049746620001],
            [-71.074049593, 42.304943662],
            [-71.0741615919999, 42.304918662],
            [-71.073590592, 42.3047956620001],
            [-71.073117593, 42.3046806620001],
            [-71.072871592, 42.3045936630001],
            [-71.072692592, 42.304508662],
            [-71.072480592, 42.304373663],
            [-71.0720235919999, 42.303990663],
            [-71.071680592, 42.3035826620001],
            [-71.071559592, 42.303496662],
            [-71.071426591, 42.3034156620001],
            [-71.071454592, 42.303317662],
            [-71.071512592, 42.3027506620001],
            [-71.071569591, 42.302438662],
            [-71.071591592, 42.3023626620001],
            [-71.071701592, 42.3021156620001],
            [-71.071859592, 42.301847663],
            [-71.0718915909999, 42.301789662],
            [-71.071944592, 42.301695662],
            [-71.071994592, 42.3015736620001],
            [-71.072011591, 42.301472662],
            [-71.0720225919999, 42.301271662],
            [-71.072016591, 42.300687662],
            [-71.072034592, 42.3004356610001],
            [-71.072068591, 42.3002776610001],
            [-71.072129591, 42.300143662],
            [-71.072184592, 42.3000466620001],
            [-71.072299592, 42.299945662],
            [-71.072435592, 42.299832662],
            [-71.072648592, 42.2997076610001],
            [-71.0727435919999, 42.2996666610001],
            [-71.072927592, 42.299587661],
            [-71.0727415919999, 42.299379661],
            [-71.072243591, 42.298903662],
            [-71.0721365919999, 42.298794661],
            [-71.072089591, 42.2987386610001]
          ]
        ]
      },
      "properties": {
        "OBJECTID": 9,
        "Ward1": "15",
        "COUNT_": 9,
        "WardLabel": "Ward 15",
        "Shape_Leng": 9283.35026211,
        "Shape_Length": 0.0722322919542588,
        "Shape_Area": 0.000222734180624947,
        "shape_wkt": null
      }
    },
    {
      "type": "Feature",
      "id": 10,
      "geometry": {
        "type": "Polygon",
        "coordinates": [
          [
            [-70.975094562, 42.343507672],
            [-70.9881735659999, 42.3434556720001],
            [-70.9957915699999, 42.3431876720001],
            [-71.003425572, 42.3428746720001],
            [-71.0109945739999, 42.342706671],
            [-71.02689558, 42.3531066730001],
            [-71.02826758, 42.354042673],
            [-71.02836358, 42.354107673],
            [-71.0396295849999, 42.361785674],
            [-71.040125584, 42.3621236750001],
            [-71.0412995849999, 42.3629226750001],
            [-71.042596586, 42.363806674],
            [-71.045500586, 42.3598336740001],
            [-71.045566586, 42.3597416740001],
            [-71.0490735879999, 42.354947673],
            [-71.049333587, 42.3545936730001],
            [-71.049396588, 42.3545066720001],
            [-71.049595588, 42.3545056720001],
            [-71.0496855869999, 42.354319672],
            [-71.049961587, 42.3539646720001],
            [-71.050039587, 42.353863673],
            [-71.051361588, 42.3521416730001],
            [-71.0514615879999, 42.352041672],
            [-71.0514635879999, 42.3519406720001],
            [-71.052085587, 42.351230672],
            [-71.052188588, 42.3511296720001],
            [-71.052186588, 42.3509306720001],
            [-71.054627589, 42.3474256710001],
            [-71.0547715879999, 42.3472616710001],
            [-71.0547215889999, 42.347091671],
            [-71.0547235889999, 42.347046671],
            [-71.0547885889999, 42.3468796700001],
            [-71.054469589, 42.3467866710001],
            [-71.05617259, 42.3462726710001],
            [-71.056470589, 42.3461196700001],
            [-71.0568325899999, 42.34602167],
            [-71.05765459, 42.345785671],
            [-71.05814359, 42.34565567],
            [-71.0582505899999, 42.3455146700001],
            [-71.05835559, 42.345361671],
            [-71.0584555899999, 42.3452156710001],
            [-71.05880259, 42.34470967],
            [-71.0590405899999, 42.34435067],
            [-71.0592655899999, 42.3439976700001],
            [-71.05939459, 42.34376767],
            [-71.05948059, 42.3436026700001],
            [-71.05948759, 42.34358867],
            [-71.05954059, 42.3434886700001],
            [-71.05968559, 42.3432186700001],
            [-71.0597825899999, 42.3429936700001],
            [-71.05987959, 42.34266067],
            [-71.059952591, 42.34232867],
            [-71.0599835899999, 42.34207967],
            [-71.06002559, 42.3406036690001],
            [-71.060001589, 42.3400636700001],
            [-71.0598075889999, 42.33814167],
            [-71.059702591, 42.3368676690001],
            [-71.05965159, 42.3369106690001],
            [-71.05958359, 42.3369596690001],
            [-71.05952559, 42.3370006690001],
            [-71.05928259, 42.337174669],
            [-71.058962589, 42.3374306690001],
            [-71.05876359, 42.337603669],
            [-71.0584085899999, 42.3379016700001],
            [-71.058134589, 42.33811567],
            [-71.058038589, 42.338190669],
            [-71.057823589, 42.3383606690001],
            [-71.057454589, 42.338634669],
            [-71.057225589, 42.3388106690001],
            [-71.0571135879999, 42.3389136690001],
            [-71.057105589, 42.338815669],
            [-71.057112589, 42.338341669],
            [-71.057118588, 42.3379126690001],
            [-71.056964589, 42.3377206690001],
            [-71.056912589, 42.337869669],
            [-71.056712589, 42.3375666690001],
            [-71.0565505879999, 42.3372936690001],
            [-71.056354588, 42.3369656690001],
            [-71.056121589, 42.336589669],
            [-71.055857588, 42.336134669],
            [-71.055684589, 42.335864669],
            [-71.055603589, 42.3357386690001],
            [-71.055220587, 42.3351416690001],
            [-71.055073588, 42.335263669],
            [-71.054919588, 42.3353836690001],
            [-71.054666588, 42.3355926690001],
            [-71.054418588, 42.3354106690001],
            [-71.054091588, 42.3352096690001],
            [-71.053708588, 42.334948669],
            [-71.053409587, 42.3346926680001],
            [-71.053187588, 42.334517668],
            [-71.0528625869999, 42.3342636680001],
            [-71.052387588, 42.333905669],
            [-71.0522745869999, 42.3338096690001],
            [-71.052105587, 42.3336546690001],
            [-71.051791587, 42.333415669],
            [-71.051473586, 42.3336536690001],
            [-71.051040587, 42.3340376690001],
            [-71.0507715859999, 42.334249669],
            [-71.050412587, 42.334560669],
            [-71.050036586, 42.3348866690001],
            [-71.049693587, 42.3351846690001],
            [-71.049320587, 42.335506669],
            [-71.048959586, 42.3358116690001],
            [-71.048593586, 42.336120669],
            [-71.047592585, 42.335462669],
            [-71.046763585, 42.334967669],
            [-71.046239585, 42.334559669],
            [-71.046202585, 42.3345306690001],
            [-71.045582585, 42.3345306690001],
            [-71.0449695849999, 42.334540669],
            [-71.044239584, 42.3345956680001],
            [-71.042936584, 42.334630669],
            [-71.0415305829999, 42.3346706690001],
            [-71.041511583, 42.3338356690001],
            [-71.041495583, 42.3334296690001],
            [-71.041479583, 42.3330246690001],
            [-71.040954583, 42.333033669],
            [-71.040746584, 42.333031669],
            [-71.039926583, 42.333037668],
            [-71.039091583, 42.3330686690001],
            [-71.038633583, 42.3330866690001],
            [-71.037336582, 42.3330886690001],
            [-71.0353205819999, 42.333119669],
            [-71.035296581, 42.3323016690001],
            [-71.034531581, 42.332314668],
            [-71.034320581, 42.3323186690001],
            [-71.03326258, 42.332337669],
            [-71.0325605799999, 42.3323466690001],
            [-71.0318855799999, 42.332359669],
            [-71.03119158, 42.3323686690001],
            [-71.02913558, 42.332405669],
            [-71.0281765789999, 42.332404669],
            [-71.027690579, 42.332399669],
            [-71.027102579, 42.3325906690001],
            [-71.027084578, 42.3324176690001],
            [-71.025809578, 42.3325456690001],
            [-71.025312578, 42.3326666690001],
            [-71.025236579, 42.3325286690001],
            [-71.0252085779999, 42.332510669],
            [-71.025007578, 42.3325546690001],
            [-71.025065578, 42.3311546690001],
            [-71.0251675769999, 42.3287496690001],
            [-71.023539577, 42.328709668],
            [-71.003962571, 42.3287196700001],
            [-70.9925165669999, 42.3287156700001],
            [-70.9908095659999, 42.3288306700001],
            [-70.9905625659999, 42.3288466700001],
            [-70.986615565, 42.32911367],
            [-70.982629565, 42.3290136700001],
            [-70.978394562, 42.32890767],
            [-70.975094562, 42.343507672]
          ]
        ]
      },
      "properties": {
        "OBJECTID": 10,
        "Ward1": "06",
        "COUNT_": 12,
        "WardLabel": "Ward 6",
        "Shape_Leng": 26822.0764291,
        "Shape_Length": 0.217251138916827,
        "Shape_Area": 0.001489041226146,
        "shape_wkt": null
      }
    },
    {
      "type": "Feature",
      "id": 11,
      "geometry": {
        "type": "Polygon",
        "coordinates": [
          [
            [-70.972893562, 42.353605675],
            [-70.982593565, 42.3560056750001],
            [-70.985182567, 42.356695675],
            [-70.9852735659999, 42.3567196750001],
            [-70.985593567, 42.356805675],
            [-70.985718566, 42.3577556750001],
            [-70.985735566, 42.357907675],
            [-70.9858545669999, 42.358827676],
            [-70.9862795669999, 42.3621186760001],
            [-70.986290567, 42.362204676],
            [-70.9865975669999, 42.3645806770001],
            [-70.988468567, 42.364608676],
            [-70.989940568, 42.364631677],
            [-70.993909569, 42.3646926760001],
            [-70.998942571, 42.364770676],
            [-70.9990465719999, 42.364773676],
            [-71.0007365719999, 42.3648266760001],
            [-71.000695572, 42.3646486760001],
            [-71.000986572, 42.364659676],
            [-71.001692572, 42.3646886760001],
            [-71.0034765729999, 42.3647636760001],
            [-71.003737573, 42.364770676],
            [-71.005138573, 42.3648276760001],
            [-71.005221573, 42.3648306760001],
            [-71.010363575, 42.365039676],
            [-71.010305574, 42.3651916760001],
            [-71.010242575, 42.365355676],
            [-71.009285575, 42.3678626760001],
            [-71.008236575, 42.370611678],
            [-71.0075495739999, 42.3724106770001],
            [-71.007118574, 42.3735396770001],
            [-71.006650575, 42.3747496770001],
            [-71.006123574, 42.376060678],
            [-71.005514574, 42.3762366780001],
            [-71.000609573, 42.3776516790001],
            [-71.000206572, 42.3777626790001],
            [-71.0001735719999, 42.377752678],
            [-71.000085573, 42.377777678],
            [-71.000006573, 42.3777666790001],
            [-70.9997235719999, 42.377746679],
            [-70.999517572, 42.3777406790001],
            [-70.9993855719999, 42.3777566790001],
            [-70.999326571, 42.377746679],
            [-70.999319573, 42.377773678],
            [-70.9993165719999, 42.3777836790001],
            [-70.999311572, 42.3778016790001],
            [-70.9989805719999, 42.377903679],
            [-70.997994572, 42.3782056790001],
            [-70.996694571, 42.3787496780001],
            [-70.9961695709999, 42.379481679],
            [-70.99464857, 42.3811586790001],
            [-70.994664571, 42.3819076790001],
            [-70.994674571, 42.3823746800001],
            [-70.9946395709999, 42.3826726790001],
            [-70.994634571, 42.38271968],
            [-70.994601571, 42.3829966800001],
            [-70.99441357, 42.383740679],
            [-70.994239571, 42.38465568],
            [-70.993373571, 42.3850266800001],
            [-70.993035571, 42.38517068],
            [-70.9915985709999, 42.3857886800001],
            [-70.99145157, 42.3858526810001],
            [-70.9913985699999, 42.38587468],
            [-70.988281569, 42.3871156810001],
            [-70.988092569, 42.3870996810001],
            [-70.9880565679999, 42.3870766810001],
            [-70.988040569, 42.3870436810001],
            [-70.988009569, 42.386997681],
            [-70.9879805689999, 42.3869826810001],
            [-70.987949569, 42.38697468],
            [-70.9879145689999, 42.386971681],
            [-70.987836569, 42.38695668],
            [-70.9877805689999, 42.386951681],
            [-70.987752569, 42.38697668],
            [-70.98771657, 42.3870156800001],
            [-70.987677569, 42.3870226810001],
            [-70.987642569, 42.38701968],
            [-70.987569568, 42.38700068],
            [-70.9875125679999, 42.3869826810001],
            [-70.9874425689999, 42.386968681],
            [-70.987388569, 42.3869606800001],
            [-70.987356569, 42.3869536810001],
            [-70.9873095689999, 42.386945681],
            [-70.9872205679999, 42.3869386810001],
            [-70.987109569, 42.386928681],
            [-70.9870385689999, 42.3869196810001],
            [-70.9869495679999, 42.3869216800001],
            [-70.9869015689999, 42.386923681],
            [-70.986823569, 42.38695568],
            [-70.986798569, 42.3869646810001],
            [-70.986731569, 42.3870156800001],
            [-70.9866985689999, 42.3870436810001],
            [-70.986667569, 42.387080681],
            [-70.986621569, 42.3871466810001],
            [-70.986589569, 42.3872086800001],
            [-70.986543568, 42.3873006810001],
            [-70.9864755689999, 42.3874136810001],
            [-70.9864575679999, 42.3874316810001],
            [-70.986440568, 42.387446681],
            [-70.9864285689999, 42.3874766810001],
            [-70.986497568, 42.3875496810001],
            [-70.986053569, 42.38812468],
            [-70.9869935689999, 42.3885296810001],
            [-70.987289569, 42.3887426810001],
            [-70.987423569, 42.3890076810001],
            [-70.9875115689999, 42.3892376810001],
            [-70.987589568, 42.3895316810001],
            [-70.987617569, 42.389739682],
            [-70.987616569, 42.3898006810001],
            [-70.987610569, 42.389915682],
            [-70.987583569, 42.3903166810001],
            [-70.987571569, 42.390590682],
            [-70.987454569, 42.391041682],
            [-70.987411569, 42.3910476820001],
            [-70.987364569, 42.391090681],
            [-70.987340569, 42.391133681],
            [-70.9873285689999, 42.391178682],
            [-70.987323569, 42.3911946820001],
            [-70.9871995679999, 42.391471682],
            [-70.987210569, 42.3915446820001],
            [-70.987220569, 42.3915716820001],
            [-70.987138568, 42.3918936810001],
            [-70.987122568, 42.3919286820001],
            [-70.987113569, 42.3919936820001],
            [-70.98711557, 42.3920686820001],
            [-70.987133569, 42.3921316810001],
            [-70.987185569, 42.3922006810001],
            [-70.987243569, 42.3922906820001],
            [-70.987314569, 42.3923626820001],
            [-70.9874425689999, 42.3927506810001],
            [-70.987974569, 42.3928256820001],
            [-70.988075569, 42.392865682],
            [-70.988200569, 42.3929016820001],
            [-70.988268569, 42.392909682],
            [-70.988328569, 42.3929696820001],
            [-70.98845957, 42.3930176820001],
            [-70.98851157, 42.3930206810001],
            [-70.988582569, 42.3930396820001],
            [-70.98881857, 42.3930606810001],
            [-70.989169569, 42.393156682],
            [-70.98941457, 42.3931896820001],
            [-70.98957057, 42.3932116820001],
            [-70.98977157, 42.393248682],
            [-70.99001757, 42.3932406820001],
            [-70.99008957, 42.3931776810001],
            [-70.99033357, 42.3931046820001],
            [-70.991426571, 42.393026682],
            [-70.99224757, 42.3929936820001],
            [-70.9922775699999, 42.392983681],
            [-70.992401571, 42.3929606820001],
            [-70.9924545709999, 42.392959682],
            [-70.992485571, 42.392956682],
            [-70.992506571, 42.392952682],
            [-70.992648571, 42.3929456810001],
            [-70.992691571, 42.392951682],
            [-70.992890571, 42.392953682],
            [-70.9929265709999, 42.392962681],
            [-70.992975571, 42.3929656820001],
            [-70.993818571, 42.392932682],
            [-70.9938515709999, 42.3929606820001],
            [-70.993888571, 42.3930316820001],
            [-70.9938925719999, 42.3930556820001],
            [-70.993903571, 42.3930816810001],
            [-70.993975571, 42.393118681],
            [-70.994030572, 42.3931196820001],
            [-70.994085571, 42.393094682],
            [-70.994174572, 42.3930966820001],
            [-70.994228571, 42.393121681],
            [-70.994284571, 42.393158681],
            [-70.994287572, 42.3931686820001],
            [-70.9942985709999, 42.3931896820001],
            [-70.994309571, 42.393203682],
            [-70.994307572, 42.393222682],
            [-70.994302572, 42.3932436820001],
            [-70.994295571, 42.393273682],
            [-70.994286572, 42.3933076820001],
            [-70.9943645719999, 42.393315682],
            [-70.9944345709999, 42.3933226820001],
            [-70.994454571, 42.3933246820001],
            [-70.994580571, 42.3933376810001],
            [-70.994774572, 42.393430682],
            [-70.994806571, 42.393454681],
            [-70.994942572, 42.3935126820001],
            [-70.9950225709999, 42.3935556820001],
            [-70.995047571, 42.3935746810001],
            [-70.995077572, 42.3935926820001],
            [-70.9952185719999, 42.393674682],
            [-70.995236572, 42.3936856820001],
            [-70.995298572, 42.3937556820001],
            [-70.9953085719999, 42.393766681],
            [-70.995361572, 42.3938216810001],
            [-70.9954005719999, 42.3938846820001],
            [-70.995527572, 42.3941566820001],
            [-70.995565572, 42.394281682],
            [-70.9959405719999, 42.3951226830001],
            [-70.996465572, 42.3962926820001],
            [-70.9964755729999, 42.3963166820001],
            [-70.996557572, 42.396354682],
            [-70.996651573, 42.396404682],
            [-70.9967675729999, 42.396421682],
            [-70.996895572, 42.396463683],
            [-70.998158573, 42.396895683],
            [-70.998306573, 42.396937682],
            [-70.998768573, 42.396982682],
            [-70.999146573, 42.396986682],
            [-70.9994955729999, 42.3969486820001],
            [-71.000425574, 42.396851682],
            [-71.0006835739999, 42.396825682],
            [-71.001407575, 42.3967486820001],
            [-71.0053855749999, 42.3940966810001],
            [-71.005600575, 42.393969682],
            [-71.005861575, 42.3939006810001],
            [-71.008945576, 42.3952006820001],
            [-71.009830577, 42.3954646820001],
            [-71.009894577, 42.395483681],
            [-71.010001576, 42.3954986810001],
            [-71.011682577, 42.395726682],
            [-71.011930577, 42.3957606820001],
            [-71.0112725769999, 42.3965976820001],
            [-71.011377578, 42.3966376820001],
            [-71.012400578, 42.397027682],
            [-71.013395578, 42.397406683],
            [-71.016094579, 42.395905682],
            [-71.016594579, 42.3945056810001],
            [-71.0172325789999, 42.3924806800001],
            [-71.017236579, 42.3924696810001],
            [-71.0177945789999, 42.390705681],
            [-71.018791579, 42.3895526800001],
            [-71.0192785789999, 42.3889906800001],
            [-71.01932858, 42.38893468],
            [-71.020512579, 42.38764968],
            [-71.022428581, 42.3863816800001],
            [-71.02267258, 42.3862736790001],
            [-71.024209581, 42.3855946790001],
            [-71.0277125819999, 42.384049679],
            [-71.031995583, 42.3846056790001],
            [-71.033234584, 42.3849186790001],
            [-71.0349755839999, 42.3858846790001],
            [-71.036071584, 42.3860956790001],
            [-71.038357585, 42.3865376790001],
            [-71.038813586, 42.3868196780001],
            [-71.038874587, 42.3868196780001],
            [-71.038921585, 42.386820679],
            [-71.038973585, 42.3868166790001],
            [-71.039082586, 42.3868096790001],
            [-71.039133585, 42.3868136790001],
            [-71.039262586, 42.3868396780001],
            [-71.039316586, 42.3868556800001],
            [-71.0393545859999, 42.3868546800001],
            [-71.0393845849999, 42.3868616790001],
            [-71.039427586, 42.386867679],
            [-71.0394675859999, 42.386864679],
            [-71.0395125859999, 42.3868616790001],
            [-71.043264587, 42.383602678],
            [-71.044298587, 42.3832176780001],
            [-71.044652587, 42.3807856780001],
            [-71.0449825869999, 42.3785516770001],
            [-71.045195587, 42.3771056780001],
            [-71.0455615879999, 42.3761906770001],
            [-71.046113587, 42.3748066760001],
            [-71.0462895869999, 42.3743686770001],
            [-71.046995588, 42.372605676],
            [-71.0490955879999, 42.371205676],
            [-71.048844588, 42.3709126750001],
            [-71.047103588, 42.3688816750001],
            [-71.046695587, 42.3684056760001],
            [-71.046505587, 42.368151675],
            [-71.0464395879999, 42.368063675],
            [-71.046396587, 42.3680066750001],
            [-71.046226587, 42.367813675],
            [-71.044450587, 42.3658016750001],
            [-71.043396586, 42.3646066740001],
            [-71.042596586, 42.363806674],
            [-71.0412995849999, 42.3629226750001],
            [-71.040125584, 42.3621236750001],
            [-71.0396295849999, 42.361785674],
            [-71.02836358, 42.354107673],
            [-71.02826758, 42.354042673],
            [-71.02689558, 42.3531066730001],
            [-71.0109945739999, 42.342706671],
            [-71.003425572, 42.3428746720001],
            [-70.9957915699999, 42.3431876720001],
            [-70.9881735659999, 42.3434556720001],
            [-70.975094562, 42.343507672],
            [-70.978394562, 42.32890767],
            [-70.982629565, 42.3290136700001],
            [-70.986615565, 42.32911367],
            [-70.9905625659999, 42.3288466700001],
            [-70.9908095659999, 42.3288306700001],
            [-70.9925165669999, 42.3287156700001],
            [-71.003962571, 42.3287196700001],
            [-71.023539577, 42.328709668],
            [-71.0251675769999, 42.3287496690001],
            [-71.028294579, 42.3287386690001],
            [-71.0281955789999, 42.3246076680001],
            [-71.028395578, 42.3088076650001],
            [-71.026519577, 42.307854665],
            [-71.022093576, 42.305606664],
            [-71.020766575, 42.3058406640001],
            [-71.0186935739999, 42.3062066650001],
            [-71.0169365739999, 42.3064726640001],
            [-71.015393574, 42.306706665],
            [-71.0117485709999, 42.3057306640001],
            [-71.010199571, 42.3053156650001],
            [-71.010221572, 42.3052976650001],
            [-71.010256572, 42.3052336650001],
            [-71.010093571, 42.305199665],
            [-71.010032571, 42.3051886640001],
            [-71.0099915719999, 42.3051886640001],
            [-71.0099475709999, 42.305202665],
            [-71.009909572, 42.305216665],
            [-71.009877571, 42.3052306640001],
            [-71.009468571, 42.3054136650001],
            [-71.0092505709999, 42.305511665],
            [-71.009187571, 42.305497664],
            [-71.009175571, 42.305487665],
            [-71.0035415689999, 42.3080486650001],
            [-71.002093569, 42.308706666],
            [-70.9985935679999, 42.3120066670001],
            [-70.9886935659999, 42.313606667],
            [-70.986912564, 42.312264666],
            [-70.981944562, 42.3085206660001],
            [-70.9817965619999, 42.3084026660001],
            [-70.981781562, 42.308390666],
            [-70.9813685619999, 42.3078006650001],
            [-70.9809895619999, 42.3072576660001],
            [-70.9787195609999, 42.3040096650001],
            [-70.978255561, 42.303344666],
            [-70.9773445609999, 42.3020406650001],
            [-70.97707456, 42.3016546650001],
            [-70.97626356, 42.300493665],
            [-70.97599256, 42.300106665],
            [-70.97591856, 42.3001036640001],
            [-70.97569356, 42.300095664],
            [-70.97561856, 42.3000926650001],
            [-70.9737705599999, 42.300022665],
            [-70.968224557, 42.2998116650001],
            [-70.9663755569999, 42.2997416650001],
            [-70.9651395559999, 42.2996946650001],
            [-70.961429556, 42.2995536650001],
            [-70.9601925549999, 42.2995066660001],
            [-70.948991551, 42.301306665],
            [-70.945138551, 42.3044796670001],
            [-70.937091548, 42.311106668],
            [-70.927891545, 42.3101776670001],
            [-70.927191544, 42.3101066680001],
            [-70.923192543, 42.311729669],
            [-70.920721542, 42.3127326680001],
            [-70.9170915409999, 42.314206669],
            [-70.905692538, 42.3170076700001],
            [-70.904513538, 42.3227396710001],
            [-70.903333538, 42.328471672],
            [-70.903290537, 42.3286786720001],
            [-70.903248538, 42.3288856720001],
            [-70.900548538, 42.3420046750001],
            [-70.8962555379999, 42.362863679],
            [-70.894805537, 42.36991268],
            [-70.894292537, 42.372407681],
            [-70.869492529, 42.372469682],
            [-70.851191523, 42.3725076820001],
            [-70.75145649, 42.373348686],
            [-70.7505644889999, 42.373348686],
            [-70.74948849, 42.373348686],
            [-70.748847489, 42.373760686],
            [-70.748802492, 42.4002206910001],
            [-70.749487492, 42.4008286910001],
            [-70.8514365249999, 42.3932176860001],
            [-70.874326531, 42.3890336850001],
            [-70.90129254, 42.3841066840001],
            [-70.917892546, 42.3860056830001],
            [-70.955038556, 42.3640596770001],
            [-70.961625559, 42.3601676770001],
            [-70.962174559, 42.3598426770001],
            [-70.962977559, 42.359368676],
            [-70.967048561, 42.3569626760001],
            [-70.96711256, 42.3570156760001],
            [-70.9671475609999, 42.3569936760001],
            [-70.96725756, 42.3570776760001],
            [-70.967495561, 42.356892676],
            [-70.9682935609999, 42.3562766760001],
            [-70.968435561, 42.3561586760001],
            [-70.968683561, 42.3559796760001],
            [-70.96875456, 42.355924676],
            [-70.968820561, 42.355874676],
            [-70.968935561, 42.3559336760001],
            [-70.969146561, 42.355809676],
            [-70.972259561, 42.3539776750001],
            [-70.972339562, 42.3539306750001],
            [-70.972893562, 42.353605675]
          ]
        ]
      },
      "properties": {
        "OBJECTID": 11,
        "Ward1": "01",
        "COUNT_": 15,
        "WardLabel": "Ward 1",
        "Shape_Leng": 114511.096957,
        "Shape_Length": 0.941219142885688,
        "Shape_Area": 0.0115019821882662,
        "shape_wkt": null
      }
    },
    {
      "type": "Feature",
      "id": 12,
      "geometry": {
        "type": "Polygon",
        "coordinates": [
          [
            [-71.16739362, 42.262205651],
            [-71.16722362, 42.262070651],
            [-71.16699262, 42.261886652],
            [-71.16686462, 42.2617856520001],
            [-71.16647762, 42.2614776510001],
            [-71.16485762, 42.2601896510001],
            [-71.163393619, 42.259031651],
            [-71.163131619, 42.2588196510001],
            [-71.16301662, 42.2587266510001],
            [-71.161666619, 42.257637651],
            [-71.161574619, 42.25755465],
            [-71.161559619, 42.257550651],
            [-71.160990619, 42.2570906510001],
            [-71.1608246179999, 42.2569576500001],
            [-71.160424618, 42.25663365],
            [-71.158584618, 42.25516365],
            [-71.158297618, 42.2553076500001],
            [-71.158129617, 42.2553936510001],
            [-71.157394617, 42.2557656510001],
            [-71.156699617, 42.2561176510001],
            [-71.1562816169999, 42.256330651],
            [-71.155958617, 42.256493651],
            [-71.1552246159999, 42.2568666500001],
            [-71.1542136159999, 42.2573806510001],
            [-71.1531586149999, 42.2579186510001],
            [-71.152312616, 42.2583446510001],
            [-71.1521186159999, 42.2582556510001],
            [-71.151954615, 42.258356652],
            [-71.151274616, 42.2587736510001],
            [-71.151329615, 42.2588206510001],
            [-71.150015614, 42.259462651],
            [-71.1498706149999, 42.259531651],
            [-71.1490146149999, 42.2599406510001],
            [-71.1485916139999, 42.260159652],
            [-71.1469916149999, 42.2609996510001],
            [-71.141507613, 42.2638416520001],
            [-71.1415296119999, 42.2639256520001],
            [-71.1415976119999, 42.264066653],
            [-71.1416896119999, 42.2641746520001],
            [-71.141826612, 42.264294653],
            [-71.142050613, 42.264428653],
            [-71.142297613, 42.2645576530001],
            [-71.142497613, 42.2646696520001],
            [-71.142593613, 42.2647566530001],
            [-71.142828613, 42.264989653],
            [-71.143138613, 42.265217653],
            [-71.143975613, 42.2657346520001],
            [-71.1442736129999, 42.265958653],
            [-71.144640614, 42.266259652],
            [-71.1449436139999, 42.266552652],
            [-71.145086614, 42.2667796530001],
            [-71.145131614, 42.266977653],
            [-71.145135614, 42.2671666530001],
            [-71.145075614, 42.2676596530001],
            [-71.145062614, 42.267985653],
            [-71.145067614, 42.268147653],
            [-71.145106614, 42.268348653],
            [-71.145179614, 42.2685806530001],
            [-71.145406614, 42.269197654],
            [-71.145456614, 42.2694376540001],
            [-71.145466614, 42.2697286540001],
            [-71.145396613, 42.2700246530001],
            [-71.145302614, 42.2702436530001],
            [-71.145088614, 42.2705556540001],
            [-71.144962614, 42.2708026540001],
            [-71.144775614, 42.271251653],
            [-71.144659614, 42.2714706530001],
            [-71.144514614, 42.2716806540001],
            [-71.1443866129999, 42.2717996540001],
            [-71.1442256139999, 42.2719156530001],
            [-71.144041614, 42.271991654],
            [-71.143903613, 42.272030655],
            [-71.1435516129999, 42.2720886540001],
            [-71.1431946129999, 42.272126654],
            [-71.142803613, 42.2721896530001],
            [-71.142748613, 42.2722046540001],
            [-71.142688613, 42.2722226550001],
            [-71.142491613, 42.2722786540001],
            [-71.142237612, 42.2724066540001],
            [-71.142342613, 42.2723876540001],
            [-71.1424026129999, 42.2723826540001],
            [-71.1425186129999, 42.2723876540001],
            [-71.1427386139999, 42.2724096540001],
            [-71.142951613, 42.2724706540001],
            [-71.143175613, 42.2725176540001],
            [-71.143324613, 42.2725656540001],
            [-71.143451614, 42.272639654],
            [-71.1436646129999, 42.2728556540001],
            [-71.1431946129999, 42.2732356550001],
            [-71.142633613, 42.2736806550001],
            [-71.141240613, 42.2747666540001],
            [-71.140864613, 42.2750426550001],
            [-71.140653613, 42.275187655],
            [-71.140308612, 42.2754376550001],
            [-71.1402696119999, 42.2754826550001],
            [-71.140008613, 42.2757226540001],
            [-71.139620612, 42.276079655],
            [-71.139140612, 42.276485655],
            [-71.1386496119999, 42.2769096540001],
            [-71.1383176109999, 42.277184655],
            [-71.138169612, 42.277319655],
            [-71.137726613, 42.2776976550001],
            [-71.1371456109999, 42.2781906550001],
            [-71.136998612, 42.278331655],
            [-71.136483611, 42.278759655],
            [-71.136164612, 42.279036655],
            [-71.135667611, 42.2794556550001],
            [-71.135535612, 42.2795576560001],
            [-71.134928611, 42.2801256560001],
            [-71.134551611, 42.280497655],
            [-71.134326611, 42.2806946550001],
            [-71.134135611, 42.2808656550001],
            [-71.13353861, 42.2814216560001],
            [-71.1330936109999, 42.2818316560001],
            [-71.13269961, 42.2822096560001],
            [-71.132091611, 42.2827736570001],
            [-71.131385611, 42.2834276560001],
            [-71.1303486099999, 42.2844016560001],
            [-71.1296506099999, 42.285055657],
            [-71.12896761, 42.2856836570001],
            [-71.1283716089999, 42.2862426580001],
            [-71.12812861, 42.286456657],
            [-71.127373609, 42.287108657],
            [-71.1270456089999, 42.2874686580001],
            [-71.126837609, 42.2876526570001],
            [-71.12655361, 42.2879296570001],
            [-71.126312609, 42.288157658],
            [-71.1259656089999, 42.2884906580001],
            [-71.1268636089999, 42.289013658],
            [-71.1271396079999, 42.2891696580001],
            [-71.12670761, 42.289555658],
            [-71.126229609, 42.2900376580001],
            [-71.126180609, 42.290097658],
            [-71.1263036079999, 42.290191658],
            [-71.127027609, 42.2907556580001],
            [-71.127344609, 42.2910076580001],
            [-71.127847609, 42.2910086580001],
            [-71.12800561, 42.291103659],
            [-71.127735609, 42.2913086580001],
            [-71.12960061, 42.292817659],
            [-71.12966861, 42.2927416590001],
            [-71.1304636099999, 42.2931646580001],
            [-71.130462611, 42.2932156580001],
            [-71.13047561, 42.2934356580001],
            [-71.13053861, 42.2936236580001],
            [-71.1305506099999, 42.2937136590001],
            [-71.130600611, 42.2941066590001],
            [-71.130606611, 42.2943856580001],
            [-71.1305766099999, 42.2945676590001],
            [-71.13044261, 42.2948816590001],
            [-71.13020561, 42.2951756590001],
            [-71.12953461, 42.2958906590001],
            [-71.12942961, 42.296040658],
            [-71.129358611, 42.2962246590001],
            [-71.12933261, 42.2963706590001],
            [-71.12932661, 42.29650566],
            [-71.12935061, 42.2966526590001],
            [-71.12939161, 42.296732659],
            [-71.1294496099999, 42.2968436590001],
            [-71.12955561, 42.29706966],
            [-71.12972961, 42.2973806590001],
            [-71.12981961, 42.297572659],
            [-71.12985161, 42.2977526600001],
            [-71.1298556099999, 42.2978716590001],
            [-71.1298746099999, 42.2980306590001],
            [-71.12989161, 42.2981166590001],
            [-71.13006861, 42.2981926590001],
            [-71.12988961, 42.2983206590001],
            [-71.12962261, 42.298537659],
            [-71.12938861, 42.298742659],
            [-71.1289486109999, 42.299164659],
            [-71.12880361, 42.299304659],
            [-71.12807261, 42.30003666],
            [-71.12792561, 42.3001656600001],
            [-71.1282306109999, 42.300292659],
            [-71.1285696099999, 42.30042166],
            [-71.128760609, 42.3004956600001],
            [-71.130176611, 42.3010146600001],
            [-71.130563611, 42.3011526600001],
            [-71.13090461, 42.3012836600001],
            [-71.131071611, 42.3013156600001],
            [-71.131419611, 42.3013286600001],
            [-71.131912612, 42.3013546600001],
            [-71.132226612, 42.3013846590001],
            [-71.132578612, 42.30143366],
            [-71.133260612, 42.30155166],
            [-71.133824612, 42.30166366],
            [-71.134052612, 42.30170866],
            [-71.134357612, 42.3017456600001],
            [-71.134617613, 42.3017586600001],
            [-71.1348666119999, 42.30173166],
            [-71.135436613, 42.3015876600001],
            [-71.1357616129999, 42.3014946600001],
            [-71.135996613, 42.3014276600001],
            [-71.136586613, 42.3012726590001],
            [-71.136917613, 42.3011976600001],
            [-71.137103614, 42.301193659],
            [-71.137444613, 42.30125966],
            [-71.137796613, 42.3013576600001],
            [-71.139015614, 42.301736659],
            [-71.1391176129999, 42.3017646600001],
            [-71.139556614, 42.3018996600001],
            [-71.139826614, 42.302005659],
            [-71.140135614, 42.30215566],
            [-71.141534614, 42.30114666],
            [-71.1423086149999, 42.300589659],
            [-71.143472615, 42.2997466590001],
            [-71.144053615, 42.299328659],
            [-71.144144615, 42.2992626590001],
            [-71.145967616, 42.297947659],
            [-71.146824616, 42.2973306580001],
            [-71.146883616, 42.2972886580001],
            [-71.147036616, 42.297209659],
            [-71.147286616, 42.2970836580001],
            [-71.147484616, 42.2969806580001],
            [-71.1474976169999, 42.2969716590001],
            [-71.147920616, 42.296757659],
            [-71.1482906159999, 42.2965666580001],
            [-71.1486036169999, 42.2964076590001],
            [-71.148781616, 42.2963166580001],
            [-71.150012617, 42.2956866580001],
            [-71.150300617, 42.2955386580001],
            [-71.1503796169999, 42.295498658],
            [-71.151135617, 42.295121658],
            [-71.151987617, 42.2946966580001],
            [-71.1520256169999, 42.2946776580001],
            [-71.152148617, 42.294621658],
            [-71.1521836169999, 42.294646658],
            [-71.152211618, 42.294668658],
            [-71.152509618, 42.2948876580001],
            [-71.153457618, 42.295583659],
            [-71.153691618, 42.2957546580001],
            [-71.154498619, 42.2963476590001],
            [-71.154690618, 42.296488658],
            [-71.1548306189999, 42.2965916580001],
            [-71.154871618, 42.296621659],
            [-71.1554136189999, 42.2970016580001],
            [-71.155442619, 42.297031658],
            [-71.155452619, 42.2970486580001],
            [-71.155468619, 42.2970596580001],
            [-71.1555046189999, 42.2970866580001],
            [-71.1555526189999, 42.297121659],
            [-71.155585619, 42.2971456590001],
            [-71.1556386189999, 42.297184659],
            [-71.155750619, 42.2972666580001],
            [-71.156839619, 42.298066658],
            [-71.15697662, 42.2981676590001],
            [-71.157205619, 42.298335659],
            [-71.157718619, 42.2987116580001],
            [-71.1587436199999, 42.299463659],
            [-71.16010462, 42.3004626590001],
            [-71.1615106209999, 42.3015026590001],
            [-71.162874621, 42.302495659],
            [-71.163166621, 42.3027106590001],
            [-71.163437621, 42.3029096590001],
            [-71.1645896219999, 42.30375566],
            [-71.1647026219999, 42.3038386590001],
            [-71.165122623, 42.303560659],
            [-71.166539623, 42.3026206590001],
            [-71.1671086229999, 42.3022426580001],
            [-71.167247623, 42.3021516590001],
            [-71.167341623, 42.3020766590001],
            [-71.167916624, 42.301696658],
            [-71.168102623, 42.3015696590001],
            [-71.168266624, 42.301466658],
            [-71.168289622, 42.3014576590001],
            [-71.168424623, 42.301370659],
            [-71.169808624, 42.300451658],
            [-71.1704396229999, 42.3000296590001],
            [-71.176362626, 42.296110658],
            [-71.178611626, 42.2946186570001],
            [-71.178636626, 42.294603657],
            [-71.186350629, 42.287468656],
            [-71.187378629, 42.2865236550001],
            [-71.1883806289999, 42.2855896550001],
            [-71.1901126289999, 42.283989655],
            [-71.19070063, 42.283444655],
            [-71.19090463, 42.2832566540001],
            [-71.19115563, 42.283067655],
            [-71.1911876299999, 42.283044654],
            [-71.191234629, 42.2830106550001],
            [-71.19124763, 42.2830006550001],
            [-71.191230629, 42.282660654],
            [-71.19113163, 42.282372654],
            [-71.190974629, 42.2821326550001],
            [-71.190753629, 42.281848654],
            [-71.19051063, 42.2816566540001],
            [-71.190252629, 42.2815066540001],
            [-71.1899306299999, 42.2812976540001],
            [-71.1895296289999, 42.2811256540001],
            [-71.189084629, 42.2809166550001],
            [-71.188662629, 42.2807076550001],
            [-71.188396629, 42.280564654],
            [-71.188320629, 42.2805086540001],
            [-71.188212629, 42.2804466540001],
            [-71.188167628, 42.2804206540001],
            [-71.188095628, 42.280384654],
            [-71.188022629, 42.280347654],
            [-71.1879956289999, 42.2803356540001],
            [-71.187773628, 42.2802356540001],
            [-71.187452629, 42.2801496540001],
            [-71.187231628, 42.280072654],
            [-71.1871846289999, 42.2800646540001],
            [-71.187112628, 42.2800596540001],
            [-71.187060628, 42.2800426540001],
            [-71.185990628, 42.279779654],
            [-71.185511627, 42.279690654],
            [-71.185423627, 42.279649654],
            [-71.185357627, 42.279599654],
            [-71.185316627, 42.279528654],
            [-71.185307628, 42.2795056540001],
            [-71.185292628, 42.2794746540001],
            [-71.185248627, 42.279398654],
            [-71.1851006269999, 42.2791456540001],
            [-71.185057628, 42.279084654],
            [-71.185036628, 42.279036654],
            [-71.185002627, 42.2789776540001],
            [-71.184952627, 42.2788916540001],
            [-71.184776627, 42.278592653],
            [-71.184653627, 42.278383654],
            [-71.184548628, 42.278205654],
            [-71.1839296269999, 42.277148654],
            [-71.183888628, 42.277077654],
            [-71.1838646269999, 42.277036654],
            [-71.183788627, 42.2769116530001],
            [-71.183493627, 42.276405653],
            [-71.183257627, 42.276001654],
            [-71.183159627, 42.2759216530001],
            [-71.183048627, 42.2758616530001],
            [-71.182895626, 42.2758616530001],
            [-71.1827806269999, 42.275888654],
            [-71.1824956259999, 42.2759746530001],
            [-71.181242625, 42.2762146540001],
            [-71.180407626, 42.276378654],
            [-71.179765625, 42.276495654],
            [-71.179139625, 42.276607654],
            [-71.178553625, 42.276718653],
            [-71.177461625, 42.276876654],
            [-71.177109624, 42.2768676540001],
            [-71.176924625, 42.2768456540001],
            [-71.1767816249999, 42.276807654],
            [-71.176364624, 42.276653653],
            [-71.175932624, 42.276473654],
            [-71.175444625, 42.276251653],
            [-71.174972625, 42.2760126530001],
            [-71.174764623, 42.2758506540001],
            [-71.174605624, 42.2756716540001],
            [-71.174565624, 42.2755846530001],
            [-71.1745106239999, 42.275480654],
            [-71.174468624, 42.2753806540001],
            [-71.174438624, 42.2753076540001],
            [-71.1744186239999, 42.275050654],
            [-71.1745136229999, 42.2747896540001],
            [-71.174611623, 42.274587653],
            [-71.174772624, 42.274338653],
            [-71.174820624, 42.274227653],
            [-71.174825623, 42.2742096540001],
            [-71.1748456239999, 42.274067653],
            [-71.174857624, 42.273817653],
            [-71.1748476239999, 42.2737376530001],
            [-71.174822623, 42.2735386530001],
            [-71.174750624, 42.2733306530001],
            [-71.174613624, 42.2730206530001],
            [-71.174327623, 42.272625653],
            [-71.1740406229999, 42.2722746530001],
            [-71.173859624, 42.271995653],
            [-71.173706624, 42.271701653],
            [-71.173616623, 42.271479653],
            [-71.173598623, 42.271457653],
            [-71.173583623, 42.2714236530001],
            [-71.173527623, 42.2711226530001],
            [-71.173412624, 42.270921652],
            [-71.1733426229999, 42.2708576530001],
            [-71.173184622, 42.270707653],
            [-71.173154623, 42.2706786530001],
            [-71.172991623, 42.270442653],
            [-71.172953622, 42.270306653],
            [-71.172964623, 42.2701416520001],
            [-71.173022623, 42.270034653],
            [-71.173216623, 42.269785653],
            [-71.173424623, 42.2695776520001],
            [-71.1734776229999, 42.2695066520001],
            [-71.173529623, 42.269446653],
            [-71.173559623, 42.2694186520001],
            [-71.173661623, 42.269342652],
            [-71.1738156229999, 42.2692536530001],
            [-71.174162623, 42.269002653],
            [-71.1742886229999, 42.268893652],
            [-71.174315623, 42.268863653],
            [-71.174501624, 42.2686596520001],
            [-71.174609624, 42.2683816520001],
            [-71.174602624, 42.268144653],
            [-71.174605624, 42.268081652],
            [-71.174596623, 42.267902652],
            [-71.1745806229999, 42.267832652],
            [-71.174526624, 42.2676166520001],
            [-71.174441623, 42.2673516520001],
            [-71.174317623, 42.2671876520001],
            [-71.1741546229999, 42.2670296520001],
            [-71.173924623, 42.2668976520001],
            [-71.173902623, 42.266884652],
            [-71.173689624, 42.2667646530001],
            [-71.173560623, 42.2667136520001],
            [-71.173330623, 42.2666536520001],
            [-71.1731826239999, 42.2666346510001],
            [-71.173158623, 42.2666276520001],
            [-71.172795622, 42.266552652],
            [-71.1724656229999, 42.266524652],
            [-71.1724256219999, 42.2665156520001],
            [-71.172149622, 42.2664446520001],
            [-71.1721046229999, 42.2664326520001],
            [-71.1720166219999, 42.2664016520001],
            [-71.1718326229999, 42.2663556530001],
            [-71.171796623, 42.2663416520001],
            [-71.171695623, 42.2662866520001],
            [-71.1715416229999, 42.2661506520001],
            [-71.171437622, 42.2659986520001],
            [-71.171379622, 42.2659136520001],
            [-71.171323622, 42.265699651],
            [-71.1713226219999, 42.265354652],
            [-71.1712096219999, 42.265263652],
            [-71.1710486219999, 42.265133651],
            [-71.1710286219999, 42.2651186520001],
            [-71.170662622, 42.264822651],
            [-71.168748621, 42.263282652],
            [-71.168604621, 42.2631686510001],
            [-71.168496621, 42.2630826510001],
            [-71.16836862, 42.2629816520001],
            [-71.16739362, 42.262205651]
          ]
        ]
      },
      "properties": {
        "OBJECTID": 12,
        "Ward1": "20",
        "COUNT_": 21,
        "WardLabel": "Ward 20",
        "Shape_Leng": 25524.164805,
        "Shape_Length": 0.201046108745174,
        "Shape_Area": 0.00172883226499435,
        "shape_wkt": null
      }
    },
    {
      "type": "Feature",
      "id": 13,
      "geometry": {
        "type": "Polygon",
        "coordinates": [
          [
            [-71.119539608, 42.3227536650001],
            [-71.119607609, 42.3226226640001],
            [-71.1195756079999, 42.3225246640001],
            [-71.1195256089999, 42.322269664],
            [-71.119515608, 42.322063665],
            [-71.1195496089999, 42.3218286640001],
            [-71.1196186079999, 42.3214636650001],
            [-71.119193608, 42.321393664],
            [-71.118506608, 42.3212656640001],
            [-71.117824608, 42.321142664],
            [-71.117491607, 42.321096664],
            [-71.117117607, 42.3210636640001],
            [-71.116570607, 42.321029664],
            [-71.116321607, 42.3210206640001],
            [-71.115990607, 42.3210396640001],
            [-71.115814607, 42.321056664],
            [-71.115599607, 42.321074665],
            [-71.115426607, 42.3211036640001],
            [-71.115194607, 42.321141664],
            [-71.114946607, 42.3211816640001],
            [-71.114501607, 42.3212436640001],
            [-71.114154607, 42.3212916650001],
            [-71.113881606, 42.3213296640001],
            [-71.113213607, 42.321433664],
            [-71.112815607, 42.3215046650001],
            [-71.112312607, 42.3215756640001],
            [-71.112090606, 42.3216106640001],
            [-71.1116596059999, 42.321686664],
            [-71.110644605, 42.321843664],
            [-71.110319605, 42.3219186640001],
            [-71.109938605, 42.3220336640001],
            [-71.1094536049999, 42.3221246650001],
            [-71.109255606, 42.3221736640001],
            [-71.108452605, 42.322397665],
            [-71.108270605, 42.322332665],
            [-71.1079886059999, 42.3221226640001],
            [-71.107499605, 42.321727664],
            [-71.106788605, 42.321164664],
            [-71.106676604, 42.3210536650001],
            [-71.106560604, 42.3209226640001],
            [-71.1058566039999, 42.319969664],
            [-71.1055656039999, 42.319609665],
            [-71.105448604, 42.319517665],
            [-71.105289604, 42.3193736640001],
            [-71.105131604, 42.3192866640001],
            [-71.105039604, 42.3193936640001],
            [-71.1049806039999, 42.3194446640001],
            [-71.104846604, 42.319523664],
            [-71.1045796029999, 42.3196696640001],
            [-71.103985603, 42.3199856650001],
            [-71.103798603, 42.3198466650001],
            [-71.1034726029999, 42.319654664],
            [-71.103152602, 42.3194486640001],
            [-71.102987603, 42.3193316640001],
            [-71.102944603, 42.3193066640001],
            [-71.102501603, 42.319835664],
            [-71.101406603, 42.321114665],
            [-71.100542602, 42.3221366650001],
            [-71.100023602, 42.322780665],
            [-71.099745602, 42.3231776650001],
            [-71.0994956019999, 42.3236236650001],
            [-71.099319602, 42.3240026660001],
            [-71.0990676019999, 42.324582665],
            [-71.098917602, 42.325033666],
            [-71.098753602, 42.3254536650001],
            [-71.098420602, 42.3263406660001],
            [-71.0980986019999, 42.3272206660001],
            [-71.097889601, 42.327757666],
            [-71.097601601, 42.328385666],
            [-71.0972906009999, 42.3289356670001],
            [-71.097117602, 42.329216666],
            [-71.096965601, 42.3294776660001],
            [-71.096506601, 42.3302206670001],
            [-71.096275601, 42.3305406660001],
            [-71.095921601, 42.3309616670001],
            [-71.095351601, 42.3315626670001],
            [-71.0959176009999, 42.331620667],
            [-71.0961416009999, 42.331649666],
            [-71.097185602, 42.3317906670001],
            [-71.097010602, 42.3319936670001],
            [-71.096424601, 42.3327606670001],
            [-71.096407601, 42.3327856670001],
            [-71.0961186019999, 42.333220667],
            [-71.095993602, 42.3334116670001],
            [-71.0955996019999, 42.3339726670001],
            [-71.095524601, 42.3340916670001],
            [-71.095343602, 42.3343706680001],
            [-71.095089601, 42.334765668],
            [-71.095932602, 42.3350716680001],
            [-71.096376601, 42.3352326680001],
            [-71.0964766019999, 42.335265668],
            [-71.096690602, 42.335337667],
            [-71.096834601, 42.335380668],
            [-71.096980602, 42.335423667],
            [-71.0971976019999, 42.3354776680001],
            [-71.097345601, 42.335514667],
            [-71.097925602, 42.3356596680001],
            [-71.098756602, 42.335872668],
            [-71.098822603, 42.3358896670001],
            [-71.099146602, 42.3359806670001],
            [-71.099276602, 42.336007668],
            [-71.099294602, 42.3361786670001],
            [-71.099510602, 42.3360966670001],
            [-71.100101603, 42.335854668],
            [-71.100219603, 42.335918668],
            [-71.100306602, 42.3359496670001],
            [-71.1006836029999, 42.335781668],
            [-71.100933603, 42.3356626680001],
            [-71.101232604, 42.335543667],
            [-71.101434603, 42.335471667],
            [-71.101951603, 42.3352936680001],
            [-71.102427604, 42.3351576680001],
            [-71.103073605, 42.3349266670001],
            [-71.103228604, 42.3348686670001],
            [-71.103570604, 42.3347416670001],
            [-71.103775605, 42.334664667],
            [-71.104453605, 42.334394667],
            [-71.1049106039999, 42.3341986670001],
            [-71.105065604, 42.3342506670001],
            [-71.105437604, 42.3345326670001],
            [-71.106073605, 42.334934667],
            [-71.106182605, 42.3350126670001],
            [-71.1070666049999, 42.3355776670001],
            [-71.107508605, 42.335850667],
            [-71.108227605, 42.3362956670001],
            [-71.1082866049999, 42.336331667],
            [-71.108718605, 42.336621667],
            [-71.109333606, 42.3370086680001],
            [-71.1098326059999, 42.3365366680001],
            [-71.1099916059999, 42.336371667],
            [-71.110063606, 42.3363156670001],
            [-71.110808607, 42.3355946670001],
            [-71.1107336059999, 42.335541667],
            [-71.1105536059999, 42.335472667],
            [-71.110517606, 42.3354116670001],
            [-71.1105336059999, 42.335338667],
            [-71.110591606, 42.3352576660001],
            [-71.110969606, 42.334882667],
            [-71.111116607, 42.3347416670001],
            [-71.1113396069999, 42.3346086670001],
            [-71.111413607, 42.3345336670001],
            [-71.111568607, 42.3343826660001],
            [-71.1117656069999, 42.3341766670001],
            [-71.111958607, 42.3340356670001],
            [-71.112053607, 42.3339106660001],
            [-71.1121926069999, 42.333809667],
            [-71.112390607, 42.333537667],
            [-71.112442606, 42.333449667],
            [-71.112459607, 42.3334386670001],
            [-71.112518606, 42.3333216670001],
            [-71.112578607, 42.333218667],
            [-71.112658607, 42.333083667],
            [-71.112833607, 42.332856667],
            [-71.112969607, 42.332703666],
            [-71.113088607, 42.332612667],
            [-71.113154607, 42.3325386660001],
            [-71.113212607, 42.3324666670001],
            [-71.113262607, 42.3323476670001],
            [-71.113235607, 42.332298666],
            [-71.113233607, 42.3322446660001],
            [-71.1132716079999, 42.3322256660001],
            [-71.1132976069999, 42.3321836660001],
            [-71.1132966069999, 42.3321066660001],
            [-71.113308607, 42.3320146670001],
            [-71.113325607, 42.3319106660001],
            [-71.113345607, 42.331786666],
            [-71.113353607, 42.331739666],
            [-71.113442607, 42.331015666],
            [-71.113448607, 42.3309626660001],
            [-71.113575607, 42.330475666],
            [-71.113713607, 42.330185666],
            [-71.113944607, 42.3296816660001],
            [-71.114547607, 42.3283806650001],
            [-71.114836607, 42.327757666],
            [-71.115040608, 42.3273166660001],
            [-71.115238607, 42.3269966650001],
            [-71.115271607, 42.3269426650001],
            [-71.1153466069999, 42.326883665],
            [-71.115446608, 42.326834665],
            [-71.1155246069999, 42.3268036650001],
            [-71.1155896079999, 42.326811665],
            [-71.115846608, 42.326585665],
            [-71.1159736079999, 42.3263996650001],
            [-71.116022608, 42.3263106650001],
            [-71.116050607, 42.3262356650001],
            [-71.116023607, 42.3261426650001],
            [-71.115945607, 42.3259626650001],
            [-71.115929608, 42.325863665],
            [-71.115947607, 42.3258196640001],
            [-71.115948607, 42.3257436650001],
            [-71.1159776069999, 42.325666665],
            [-71.1160396079999, 42.3255176650001],
            [-71.1160906069999, 42.325389665],
            [-71.116134608, 42.325279665],
            [-71.116148608, 42.3252656650001],
            [-71.116208607, 42.325210665],
            [-71.116253607, 42.3250736650001],
            [-71.116272608, 42.3249546650001],
            [-71.1163536079999, 42.3247986650001],
            [-71.116347608, 42.3247006650001],
            [-71.1163296079999, 42.324606665],
            [-71.116404608, 42.3245106640001],
            [-71.116362607, 42.3243176650001],
            [-71.116424608, 42.3241256650001],
            [-71.1165376069999, 42.3239476640001],
            [-71.116643608, 42.3238576650001],
            [-71.116673608, 42.3238326650001],
            [-71.116772607, 42.323778664],
            [-71.117069608, 42.323706665],
            [-71.117453607, 42.3236256640001],
            [-71.117786608, 42.3235626640001],
            [-71.118009608, 42.323544665],
            [-71.118280608, 42.3234996640001],
            [-71.118398608, 42.3234636650001],
            [-71.118479608, 42.323390664],
            [-71.118479608, 42.3233086650001],
            [-71.1185096089999, 42.3231246650001],
            [-71.1186966079999, 42.322990664],
            [-71.118766608, 42.322940664],
            [-71.118789609, 42.3229246650001],
            [-71.118870608, 42.3228666650001],
            [-71.118944609, 42.322850665],
            [-71.1194366079999, 42.322743664],
            [-71.119539608, 42.3227536650001]
          ]
        ]
      },
      "properties": {
        "OBJECTID": 13,
        "Ward1": "10",
        "COUNT_": 9,
        "WardLabel": "Ward 10",
        "Shape_Leng": 9685.88498786,
        "Shape_Length": 0.0752135263951873,
        "Shape_Area": 0.000249098423018489,
        "shape_wkt": null
      }
    },
    {
      "type": "Feature",
      "id": 14,
      "geometry": {
        "type": "Polygon",
        "coordinates": [
          [
            [-71.1552886219999, 42.3403456660001],
            [-71.155257622, 42.3404406670001],
            [-71.1549096209999, 42.3409756660001],
            [-71.154734621, 42.341214667],
            [-71.1545536209999, 42.3415656670001],
            [-71.154356621, 42.3418536670001],
            [-71.154197621, 42.3420736670001],
            [-71.153841621, 42.3425946670001],
            [-71.1536326199999, 42.3429376670001],
            [-71.153462621, 42.343191667],
            [-71.15341762, 42.3432976670001],
            [-71.153393621, 42.3434926670001],
            [-71.153421621, 42.343822667],
            [-71.153451621, 42.343961667],
            [-71.153457621, 42.3441526670001],
            [-71.153434621, 42.3443246670001],
            [-71.153368621, 42.3445126680001],
            [-71.1532746199999, 42.344658667],
            [-71.154290621, 42.344964668],
            [-71.155147621, 42.345237668],
            [-71.155029621, 42.345377667],
            [-71.155015622, 42.345393668],
            [-71.154821622, 42.345692667],
            [-71.154741621, 42.345828667],
            [-71.154589622, 42.3460356680001],
            [-71.154252621, 42.3465606680001],
            [-71.1537866209999, 42.347264668],
            [-71.15344862, 42.346790668],
            [-71.153346621, 42.3466476670001],
            [-71.1530676209999, 42.346162668],
            [-71.15281262, 42.346163667],
            [-71.152446621, 42.3461046680001],
            [-71.1516466209999, 42.345917668],
            [-71.151235621, 42.345821668],
            [-71.150662619, 42.345673667],
            [-71.15023062, 42.3455616680001],
            [-71.149417619, 42.3453636680001],
            [-71.148810619, 42.345216668],
            [-71.148349619, 42.345824668],
            [-71.14831062, 42.3458756680001],
            [-71.148046618, 42.3463276680001],
            [-71.147877619, 42.3465586680001],
            [-71.147741619, 42.3467556680001],
            [-71.14804362, 42.3468656680001],
            [-71.1483446189999, 42.3470276680001],
            [-71.148651619, 42.3472066680001],
            [-71.149047619, 42.347465668],
            [-71.14936862, 42.347762668],
            [-71.14975562, 42.3481936680001],
            [-71.14995862, 42.348417668],
            [-71.15027162, 42.3487816680001],
            [-71.15036462, 42.348978668],
            [-71.150154619, 42.348994669],
            [-71.14994362, 42.349044668],
            [-71.14952562, 42.3491866680001],
            [-71.14934162, 42.3492486690001],
            [-71.148984619, 42.3494166680001],
            [-71.148620619, 42.3495876690001],
            [-71.1481606199999, 42.349766668],
            [-71.148027619, 42.3498126690001],
            [-71.14739362, 42.3500626680001],
            [-71.147079619, 42.3501736690001],
            [-71.146511619, 42.3504256690001],
            [-71.145612619, 42.350794669],
            [-71.1458926189999, 42.3510516690001],
            [-71.146033619, 42.3511906680001],
            [-71.146088619, 42.3512796690001],
            [-71.14609462, 42.351366668],
            [-71.146087619, 42.351450669],
            [-71.1460256189999, 42.3515976690001],
            [-71.145839619, 42.3519326690001],
            [-71.145774619, 42.3520506690001],
            [-71.145529618, 42.352480669],
            [-71.145273619, 42.3529076690001],
            [-71.1450566189999, 42.35333167],
            [-71.144800619, 42.35375967],
            [-71.1446376179999, 42.3540736700001],
            [-71.144335619, 42.354601669],
            [-71.144176619, 42.354897669],
            [-71.143802619, 42.3548056700001],
            [-71.143349618, 42.3546946700001],
            [-71.142579618, 42.3545046690001],
            [-71.142370618, 42.3544536690001],
            [-71.1416636179999, 42.3542716690001],
            [-71.140681617, 42.35401267],
            [-71.1405206169999, 42.3539826690001],
            [-71.139931617, 42.3539106700001],
            [-71.139621617, 42.35387567],
            [-71.139066617, 42.3537996700001],
            [-71.138085616, 42.3536846700001],
            [-71.137625617, 42.3536206700001],
            [-71.137445616, 42.35360367],
            [-71.137341616, 42.3535986700001],
            [-71.137075616, 42.35372067],
            [-71.136747616, 42.3538476700001],
            [-71.1366796149999, 42.35387467],
            [-71.136283616, 42.3540496700001],
            [-71.136024616, 42.3541516700001],
            [-71.135719616, 42.35428167],
            [-71.1350796149999, 42.35455167],
            [-71.134496615, 42.3547976690001],
            [-71.134395615, 42.35484467],
            [-71.134013615, 42.35500367],
            [-71.1335916149999, 42.35517867],
            [-71.133275615, 42.3553246700001],
            [-71.132766615, 42.35554567],
            [-71.132404615, 42.35572067],
            [-71.132216614, 42.35579167],
            [-71.131396614, 42.3561136710001],
            [-71.1311906139999, 42.35610367],
            [-71.130273614, 42.35596867],
            [-71.1299056139999, 42.3559296700001],
            [-71.128408613, 42.3557136700001],
            [-71.127271613, 42.3555586700001],
            [-71.126157612, 42.3553986700001],
            [-71.125088613, 42.355244671],
            [-71.1247786119999, 42.355200671],
            [-71.1241026119999, 42.3551046710001],
            [-71.122847612, 42.354926671],
            [-71.121644611, 42.3547546710001],
            [-71.1207296109999, 42.3546236700001],
            [-71.12002261, 42.3547256700001],
            [-71.1194916109999, 42.3547586700001],
            [-71.1190946099999, 42.3548936710001],
            [-71.118561609, 42.3550076710001],
            [-71.11849961, 42.355021671],
            [-71.11834161, 42.3550546700001],
            [-71.1183036099999, 42.3550626700001],
            [-71.11824361, 42.3550756700001],
            [-71.1181266099999, 42.3551006710001],
            [-71.11804061, 42.3551196700001],
            [-71.11780561, 42.3551706700001],
            [-71.117099609, 42.3556026700001],
            [-71.1169796089999, 42.3555436710001],
            [-71.116902609, 42.3555056710001],
            [-71.1170666099999, 42.3558746700001],
            [-71.11707761, 42.355988671],
            [-71.1171136099999, 42.3563816710001],
            [-71.117165609, 42.357005671],
            [-71.11707261, 42.3575536710001],
            [-71.1169786099999, 42.3578286710001],
            [-71.1167346089999, 42.3585396720001],
            [-71.1166816099999, 42.3587446710001],
            [-71.116649609, 42.358847671],
            [-71.1165976089999, 42.3591936720001],
            [-71.11657861, 42.3595756710001],
            [-71.116608609, 42.3600936720001],
            [-71.11670161, 42.3611926720001],
            [-71.1167046099999, 42.3612636720001],
            [-71.1168416099999, 42.362759672],
            [-71.11693661, 42.3636856730001],
            [-71.11692161, 42.3642546720001],
            [-71.11689361, 42.3653136730001],
            [-71.11687361, 42.365893672],
            [-71.11696861, 42.3666596730001],
            [-71.11708261, 42.3670416730001],
            [-71.117147611, 42.367189673],
            [-71.117230611, 42.367375672],
            [-71.117540611, 42.3678836720001],
            [-71.1176926109999, 42.3681546730001],
            [-71.11793461, 42.3683936730001],
            [-71.118190611, 42.3685376730001],
            [-71.11844461, 42.3686246730001],
            [-71.11852461, 42.368652673],
            [-71.118960611, 42.368768673],
            [-71.119550611, 42.3688466730001],
            [-71.120090611, 42.3688296730001],
            [-71.120758612, 42.368793673],
            [-71.121261612, 42.3687516730001],
            [-71.121462613, 42.368739674],
            [-71.121594612, 42.368719673],
            [-71.122044612, 42.3687116730001],
            [-71.122480612, 42.368770673],
            [-71.123113613, 42.3689146730001],
            [-71.1232046119999, 42.368946673],
            [-71.123321612, 42.3689866730001],
            [-71.123343612, 42.368993672],
            [-71.123400612, 42.369013673],
            [-71.123827613, 42.369165674],
            [-71.124173613, 42.3693386730001],
            [-71.124454612, 42.3695206730001],
            [-71.124501613, 42.369574673],
            [-71.124542613, 42.369623673],
            [-71.124582613, 42.369644673],
            [-71.1245936129999, 42.3696636730001],
            [-71.124600613, 42.3696766730001],
            [-71.124606613, 42.3696986730001],
            [-71.124654613, 42.3697656730001],
            [-71.124724613, 42.3698616730001],
            [-71.124902613, 42.3701076730001],
            [-71.124990614, 42.370252674],
            [-71.125051614, 42.3703546740001],
            [-71.1251136129999, 42.370458673],
            [-71.125177613, 42.3705646730001],
            [-71.125208613, 42.370616673],
            [-71.125245613, 42.370677673],
            [-71.1252916129999, 42.3707576730001],
            [-71.125356613, 42.3708776730001],
            [-71.125391613, 42.3709406740001],
            [-71.1254056129999, 42.3709666730001],
            [-71.125423613, 42.370998673],
            [-71.125459613, 42.371063673],
            [-71.125533613, 42.371199673],
            [-71.126024614, 42.371956674],
            [-71.126469614, 42.372386674],
            [-71.126688614, 42.3725756740001],
            [-71.127010614, 42.3728476740001],
            [-71.127277614, 42.3730316730001],
            [-71.127634614, 42.373267673],
            [-71.1279226139999, 42.3734376740001],
            [-71.128203614, 42.373580674],
            [-71.128628615, 42.3737496740001],
            [-71.128951615, 42.3738436740001],
            [-71.129625615, 42.3739526730001],
            [-71.1301696149999, 42.373969673],
            [-71.130644616, 42.3739326730001],
            [-71.1306856159999, 42.3739306740001],
            [-71.130997616, 42.373900674],
            [-71.131147616, 42.373876674],
            [-71.131525616, 42.373810673],
            [-71.132070616, 42.373603674],
            [-71.132457616, 42.3733906740001],
            [-71.132719615, 42.373207673],
            [-71.132962616, 42.3729486730001],
            [-71.133101616, 42.372709673],
            [-71.133150616, 42.372571673],
            [-71.133164616, 42.3724556730001],
            [-71.133179616, 42.372346673],
            [-71.133142617, 42.3721746730001],
            [-71.1330916159999, 42.371984673],
            [-71.133044616, 42.371918674],
            [-71.1330246159999, 42.371826673],
            [-71.132978616, 42.3717736730001],
            [-71.132906616, 42.3716896730001],
            [-71.132871616, 42.371649673],
            [-71.132782616, 42.3715526730001],
            [-71.132321616, 42.371135673],
            [-71.132210615, 42.371017674],
            [-71.1320606159999, 42.3708336730001],
            [-71.131937615, 42.3705996730001],
            [-71.131847615, 42.3703956730001],
            [-71.1317946149999, 42.3701126730001],
            [-71.131780616, 42.3700126730001],
            [-71.131762615, 42.369872672],
            [-71.131774615, 42.3697966730001],
            [-71.1317906149999, 42.369694673],
            [-71.131874616, 42.3695056730001],
            [-71.131971616, 42.3693426730001],
            [-71.132117615, 42.369154673],
            [-71.1323736159999, 42.368899673],
            [-71.132936615, 42.368495673],
            [-71.133444616, 42.368163672],
            [-71.133803616, 42.3679506730001],
            [-71.134168616, 42.3677676720001],
            [-71.134724616, 42.367576672],
            [-71.135065616, 42.3674906730001],
            [-71.135220617, 42.367442673],
            [-71.135353616, 42.367401672],
            [-71.135510616, 42.367351673],
            [-71.135594617, 42.3673236720001],
            [-71.135719617, 42.367282672],
            [-71.135809617, 42.367239672],
            [-71.135946617, 42.367150672],
            [-71.136161617, 42.367012672],
            [-71.136303617, 42.366920673],
            [-71.136573617, 42.366743672],
            [-71.136978617, 42.366478672],
            [-71.137052616, 42.366429672],
            [-71.137536616, 42.3660086720001],
            [-71.1385606169999, 42.3651076720001],
            [-71.138974618, 42.3648236720001],
            [-71.139147618, 42.3647116720001],
            [-71.139464617, 42.364564672],
            [-71.139692618, 42.3644836720001],
            [-71.139892618, 42.364448672],
            [-71.140126618, 42.364424672],
            [-71.1404086169999, 42.3644096720001],
            [-71.140642618, 42.364430671],
            [-71.140999618, 42.3645036720001],
            [-71.1413916189999, 42.364581672],
            [-71.141906618, 42.364740672],
            [-71.1421376179999, 42.3648216710001],
            [-71.142483619, 42.364946671],
            [-71.142909619, 42.365034672],
            [-71.143294619, 42.3650926720001],
            [-71.143667619, 42.3650896720001],
            [-71.143802619, 42.365063671],
            [-71.144065619, 42.365012672],
            [-71.144492619, 42.3648306710001],
            [-71.144735619, 42.3646426720001],
            [-71.14495662, 42.3644446720001],
            [-71.1452406189999, 42.364158671],
            [-71.1453956189999, 42.3639526710001],
            [-71.145549619, 42.363707671],
            [-71.1456416199999, 42.3634556710001],
            [-71.145765619, 42.3632496710001],
            [-71.145927619, 42.3629476720001],
            [-71.146135619, 42.362697671],
            [-71.1463366199999, 42.3624836710001],
            [-71.1466546199999, 42.3622196710001],
            [-71.146979619, 42.3619456710001],
            [-71.147170619, 42.3617626710001],
            [-71.1472396199999, 42.361699672],
            [-71.14729762, 42.36164467],
            [-71.14757362, 42.3614466700001],
            [-71.147808621, 42.3613146700001],
            [-71.14808462, 42.36121367],
            [-71.14833262, 42.3611276710001],
            [-71.14864262, 42.36107767],
            [-71.14902762, 42.3610436700001],
            [-71.149447621, 42.3610136710001],
            [-71.14973362, 42.360986671],
            [-71.1500736199999, 42.3609546710001],
            [-71.150645621, 42.360894671],
            [-71.151450622, 42.3608256700001],
            [-71.151994622, 42.36076667],
            [-71.1524766219999, 42.3606866700001],
            [-71.152945621, 42.3605246710001],
            [-71.153705622, 42.3602636700001],
            [-71.154146622, 42.360134671],
            [-71.154475622, 42.36004467],
            [-71.1548196219999, 42.35997367],
            [-71.1552466219999, 42.359903671],
            [-71.155611622, 42.3598796700001],
            [-71.156361622, 42.359860671],
            [-71.156725622, 42.3598976700001],
            [-71.1570656229999, 42.3599476700001],
            [-71.157911624, 42.3599676700001],
            [-71.158501623, 42.3599816710001],
            [-71.158830623, 42.3599706700001],
            [-71.159278624, 42.35991067],
            [-71.1597466229999, 42.3597896700001],
            [-71.160518624, 42.35950567],
            [-71.160960624, 42.35929867],
            [-71.161346624, 42.35907967],
            [-71.161508624, 42.3589806700001],
            [-71.161691624, 42.3588666700001],
            [-71.161878625, 42.3587446700001],
            [-71.162105625, 42.3586436700001],
            [-71.1622856239999, 42.3585726700001],
            [-71.162601625, 42.35851767],
            [-71.163008625, 42.3584776700001],
            [-71.163274626, 42.35847167],
            [-71.163423625, 42.3584736700001],
            [-71.163629624, 42.3585006700001],
            [-71.163888625, 42.3585316690001],
            [-71.1642186249999, 42.3586396700001],
            [-71.1645746249999, 42.358813669],
            [-71.165233626, 42.3593766700001],
            [-71.165348625, 42.3594746700001],
            [-71.165691626, 42.359715669],
            [-71.1658776259999, 42.3598036700001],
            [-71.166158626, 42.3599156700001],
            [-71.166488626, 42.3599866700001],
            [-71.166824627, 42.36004467],
            [-71.1672976259999, 42.3600776700001],
            [-71.167395626, 42.3600836700001],
            [-71.167509626, 42.36009167],
            [-71.167608626, 42.3601036700001],
            [-71.167625626, 42.3600816700001],
            [-71.167642627, 42.3600596700001],
            [-71.168066626, 42.3595366690001],
            [-71.168255627, 42.3593406690001],
            [-71.168279627, 42.3593166700001],
            [-71.168527627, 42.3590596700001],
            [-71.168624627, 42.35896467],
            [-71.1694746269999, 42.3580556690001],
            [-71.169894627, 42.3576496690001],
            [-71.169900627, 42.3576346690001],
            [-71.170064627, 42.3574756690001],
            [-71.1703976269999, 42.357123669],
            [-71.170656628, 42.3568566690001],
            [-71.170996627, 42.3565036690001],
            [-71.171170627, 42.3563236690001],
            [-71.1713876279999, 42.3560976690001],
            [-71.171548628, 42.355930668],
            [-71.1723106269999, 42.355140669],
            [-71.1725806279999, 42.3548606690001],
            [-71.1726936279999, 42.354743668],
            [-71.172773627, 42.3546596690001],
            [-71.1728876289999, 42.3545416690001],
            [-71.173533629, 42.3538716690001],
            [-71.173916628, 42.3534736680001],
            [-71.173935628, 42.353405669],
            [-71.1739976279999, 42.3532036680001],
            [-71.174029628, 42.3530916680001],
            [-71.1741326279999, 42.3527486680001],
            [-71.174260628, 42.3523196680001],
            [-71.174304628, 42.352173668],
            [-71.174376627, 42.3519336680001],
            [-71.1744046279999, 42.351838668],
            [-71.174438628, 42.351725668],
            [-71.174463628, 42.3516426680001],
            [-71.174572628, 42.351274668],
            [-71.1746266279999, 42.351093668],
            [-71.174642629, 42.3510406680001],
            [-71.174706628, 42.350825668],
            [-71.174752628, 42.3506726680001],
            [-71.174798628, 42.3505186680001],
            [-71.1748506279999, 42.350345668],
            [-71.174798628, 42.350285668],
            [-71.174798628, 42.3502736670001],
            [-71.174708628, 42.3501636680001],
            [-71.1742656279999, 42.349592667],
            [-71.1734186269999, 42.3485396670001],
            [-71.173171627, 42.3482166680001],
            [-71.172320627, 42.347181667],
            [-71.171898627, 42.3466636680001],
            [-71.170003627, 42.3442606670001],
            [-71.169421625, 42.3435396670001],
            [-71.168323625, 42.3421766670001],
            [-71.168124625, 42.3419256660001],
            [-71.166989625, 42.340472667],
            [-71.166683625, 42.3401126650001],
            [-71.166687625, 42.3400826660001],
            [-71.166699625, 42.3400176660001],
            [-71.166567625, 42.3400396660001],
            [-71.166553625, 42.3400476670001],
            [-71.166126625, 42.3400966660001],
            [-71.165558625, 42.3401706660001],
            [-71.1648976239999, 42.3402196660001],
            [-71.1645796239999, 42.340226667],
            [-71.164288625, 42.3402336660001],
            [-71.1641266249999, 42.3402316660001],
            [-71.1635226239999, 42.340224667],
            [-71.162884624, 42.3402086670001],
            [-71.161613624, 42.3401696670001],
            [-71.161586623, 42.3401686660001],
            [-71.161533623, 42.3401706660001],
            [-71.161473623, 42.3401686660001],
            [-71.161170623, 42.340156666],
            [-71.161087623, 42.3401536660001],
            [-71.161052624, 42.3401526660001],
            [-71.160616623, 42.340137666],
            [-71.159758623, 42.340066666],
            [-71.158964623, 42.3399616660001],
            [-71.1578786219999, 42.3397386670001],
            [-71.157528622, 42.339790667],
            [-71.1571836219999, 42.3398806660001],
            [-71.156618621, 42.3400286670001],
            [-71.156069621, 42.3401666660001],
            [-71.1556796209999, 42.340248666],
            [-71.155536621, 42.340270666],
            [-71.1552886219999, 42.3403456660001]
          ]
        ]
      },
      "properties": {
        "OBJECTID": 14,
        "Ward1": "22",
        "COUNT_": 13,
        "WardLabel": "Ward 22",
        "Shape_Leng": 21404.918916,
        "Shape_Length": 0.170447663989534,
        "Shape_Area": 0.000844799628786378,
        "shape_wkt": null
      }
    },
    {
      "type": "Feature",
      "id": 15,
      "geometry": {
        "type": "Polygon",
        "coordinates": [
          [
            [-71.100306602, 42.3359496670001],
            [-71.100219603, 42.335918668],
            [-71.100101603, 42.335854668],
            [-71.099510602, 42.3360966670001],
            [-71.099294602, 42.3361786670001],
            [-71.099276602, 42.336007668],
            [-71.099146602, 42.3359806670001],
            [-71.098822603, 42.3358896670001],
            [-71.098756602, 42.335872668],
            [-71.097925602, 42.3356596680001],
            [-71.097345601, 42.335514667],
            [-71.0971976019999, 42.3354776680001],
            [-71.096980602, 42.335423667],
            [-71.096834601, 42.335380668],
            [-71.096690602, 42.335337667],
            [-71.0964766019999, 42.335265668],
            [-71.096376601, 42.3352326680001],
            [-71.095932602, 42.3350716680001],
            [-71.095089601, 42.334765668],
            [-71.0937186, 42.334270668],
            [-71.0933446, 42.3339476680001],
            [-71.0931796, 42.3339086670001],
            [-71.0929975999999, 42.3338436670001],
            [-71.0927606, 42.3337656680001],
            [-71.0924066009999, 42.3340416670001],
            [-71.090518599, 42.335673668],
            [-71.0903825999999, 42.335780668],
            [-71.0901115999999, 42.3359946680001],
            [-71.089345599, 42.3366216680001],
            [-71.088237599, 42.337557668],
            [-71.088123599, 42.337653668],
            [-71.086731599, 42.3386936680001],
            [-71.085030598, 42.340013669],
            [-71.084681598, 42.340301669],
            [-71.0843095989999, 42.340615669],
            [-71.0835045979999, 42.341271669],
            [-71.083226598, 42.3415546700001],
            [-71.083151597, 42.341630669],
            [-71.0830345969999, 42.3417336690001],
            [-71.082662598, 42.342061669],
            [-71.082648597, 42.3420746690001],
            [-71.082477598, 42.342081669],
            [-71.0823575969999, 42.3419536690001],
            [-71.0816815969999, 42.341471669],
            [-71.0811645969999, 42.3411316690001],
            [-71.081081597, 42.341072669],
            [-71.080869597, 42.3409206690001],
            [-71.080751596, 42.3408366690001],
            [-71.080525597, 42.340642669],
            [-71.080178597, 42.340280669],
            [-71.079895596, 42.340007669],
            [-71.0796375959999, 42.3397586690001],
            [-71.079061597, 42.3400386690001],
            [-71.0788275959999, 42.340123669],
            [-71.078706596, 42.3401836690001],
            [-71.078090596, 42.3405186690001],
            [-71.0779725959999, 42.340581668],
            [-71.077372595, 42.3409396690001],
            [-71.076592595, 42.3413446690001],
            [-71.075982596, 42.3416676700001],
            [-71.075349595, 42.3419996700001],
            [-71.074586595, 42.342416669],
            [-71.073816595, 42.3428086690001],
            [-71.073755595, 42.34283967],
            [-71.0731575949999, 42.3431686700001],
            [-71.072817594, 42.3433496690001],
            [-71.072314594, 42.3436166700001],
            [-71.071863594, 42.343841669],
            [-71.072002595, 42.34413067],
            [-71.072375595, 42.3448806700001],
            [-71.072564594, 42.3452906700001],
            [-71.072746595, 42.3456656710001],
            [-71.072974594, 42.3461196700001],
            [-71.073106595, 42.3463936700001],
            [-71.073501595, 42.347209671],
            [-71.073511595, 42.34723067],
            [-71.073531595, 42.3472706700001],
            [-71.073285595, 42.3474666700001],
            [-71.073041595, 42.34766167],
            [-71.072815594, 42.347841671],
            [-71.072692594, 42.3479396710001],
            [-71.072658595, 42.3479676710001],
            [-71.0726185949999, 42.3480006710001],
            [-71.071815594, 42.3486856710001],
            [-71.072000594, 42.349030671],
            [-71.072055594, 42.349145671],
            [-71.072076594, 42.349188671],
            [-71.072245594, 42.3495406710001],
            [-71.072659595, 42.3504186710001],
            [-71.0728225949999, 42.350763671],
            [-71.0730675949999, 42.3512516710001],
            [-71.074018595, 42.351012671],
            [-71.075212595, 42.3506856710001],
            [-71.076288596, 42.3503926710001],
            [-71.077368597, 42.3500836710001],
            [-71.079508597, 42.3495166710001],
            [-71.0807785979999, 42.3492036700001],
            [-71.081424598, 42.3490266700001],
            [-71.0818115979999, 42.348914671],
            [-71.082101598, 42.348827671],
            [-71.0837495979999, 42.3483886700001],
            [-71.085313599, 42.3479686710001],
            [-71.085602599, 42.3478926710001],
            [-71.0863765999999, 42.3476906710001],
            [-71.086734599, 42.34759667],
            [-71.086855599, 42.3475626700001],
            [-71.0870765989999, 42.3474996700001],
            [-71.0872335999999, 42.34745667],
            [-71.0873485989999, 42.3474186710001],
            [-71.087758599, 42.347308669],
            [-71.089264601, 42.34689567],
            [-71.0894135999999, 42.3468596700001],
            [-71.0900056, 42.3466876700001],
            [-71.0900876, 42.3466656700001],
            [-71.0903996, 42.34658467],
            [-71.090550601, 42.34655867],
            [-71.090700601, 42.3465436700001],
            [-71.090902601, 42.3465526690001],
            [-71.0909276, 42.3465206700001],
            [-71.0909836, 42.3464986700001],
            [-71.0912876, 42.34649467],
            [-71.0918196009999, 42.3466406700001],
            [-71.092111602, 42.3467326700001],
            [-71.0921356009999, 42.3466886700001],
            [-71.092207601, 42.3466996700001],
            [-71.0923146009999, 42.3467026700001],
            [-71.092380601, 42.3466126700001],
            [-71.092380601, 42.3465106690001],
            [-71.0923816009999, 42.3462346700001],
            [-71.092443601, 42.3460536700001],
            [-71.0924296009999, 42.34557167],
            [-71.092322601, 42.34538967],
            [-71.0921226, 42.3451946690001],
            [-71.0920456009999, 42.34507067],
            [-71.092108601, 42.344875669],
            [-71.092093601, 42.3446816690001],
            [-71.0921556, 42.3445636690001],
            [-71.092187601, 42.344198669],
            [-71.092218601, 42.3441216700001],
            [-71.092342601, 42.3439836690001],
            [-71.0925895999999, 42.34383567],
            [-71.0927596, 42.343836669],
            [-71.092959601, 42.3439146690001],
            [-71.0933296009999, 42.343974669],
            [-71.093838601, 42.343997669],
            [-71.094285601, 42.34396667],
            [-71.094393602, 42.3439196690001],
            [-71.094502601, 42.343818668],
            [-71.094532601, 42.3437366690001],
            [-71.094533601, 42.3434716690001],
            [-71.0944776009999, 42.3433136690001],
            [-71.094457601, 42.343256669],
            [-71.094401601, 42.3431736690001],
            [-71.094368602, 42.343160669],
            [-71.094125601, 42.3431506690001],
            [-71.0941116019999, 42.343140669],
            [-71.093949601, 42.3430136690001],
            [-71.093810601, 42.3429666690001],
            [-71.093502601, 42.342958669],
            [-71.093317601, 42.3428856690001],
            [-71.0928556009999, 42.3427946690001],
            [-71.092392601, 42.3427716690001],
            [-71.092284601, 42.342692669],
            [-71.092254601, 42.3426346690001],
            [-71.092239601, 42.3423826690001],
            [-71.0922716, 42.3422246690001],
            [-71.092289601, 42.342191669],
            [-71.0923336, 42.3421106690001],
            [-71.0923956, 42.3420646690001],
            [-71.0925496, 42.342016669],
            [-71.0926426, 42.341947668],
            [-71.092704601, 42.3417756690001],
            [-71.092843601, 42.3416196680001],
            [-71.093383601, 42.3413896690001],
            [-71.0936776, 42.341208668],
            [-71.094156601, 42.341028668],
            [-71.094279601, 42.340958668],
            [-71.094381601, 42.340912668],
            [-71.0948826009999, 42.340686668],
            [-71.095452601, 42.340572669],
            [-71.095885602, 42.3404116690001],
            [-71.096240602, 42.3402516680001],
            [-71.096425602, 42.3402536680001],
            [-71.096656603, 42.340289668],
            [-71.096733603, 42.3402296680001],
            [-71.096734602, 42.3401396680001],
            [-71.096672602, 42.340036668],
            [-71.096672602, 42.3399786680001],
            [-71.0969516009999, 42.339833669],
            [-71.097136602, 42.3396816690001],
            [-71.0972626019999, 42.3393536680001],
            [-71.0973756019999, 42.3394486670001],
            [-71.097387602, 42.3395366680001],
            [-71.0974906019999, 42.339583669],
            [-71.099494603, 42.340508668],
            [-71.0998296029999, 42.3406626680001],
            [-71.1022796029999, 42.3424036690001],
            [-71.102739605, 42.342642669],
            [-71.1030406039999, 42.342956669],
            [-71.104170605, 42.343909669],
            [-71.104258605, 42.3439836690001],
            [-71.104307604, 42.344090669],
            [-71.104393605, 42.3441256690001],
            [-71.1043446049999, 42.344177669],
            [-71.1046196039999, 42.3443966690001],
            [-71.104923605, 42.344200669],
            [-71.1050626059999, 42.344134669],
            [-71.1051756049999, 42.3440736690001],
            [-71.105236605, 42.344040669],
            [-71.105293605, 42.3440076690001],
            [-71.105368605, 42.3439656690001],
            [-71.1055166039999, 42.343820668],
            [-71.105610605, 42.343797668],
            [-71.1056936049999, 42.3437596680001],
            [-71.105860605, 42.3437006680001],
            [-71.106060605, 42.3435976690001],
            [-71.1060726059999, 42.343591669],
            [-71.106174606, 42.343499669],
            [-71.106221605, 42.3434416690001],
            [-71.106229605, 42.3433776680001],
            [-71.106245605, 42.3433316680001],
            [-71.106304606, 42.3432706690001],
            [-71.106514605, 42.343114669],
            [-71.106582606, 42.3430806690001],
            [-71.106661606, 42.3430436680001],
            [-71.1069086059999, 42.342962668],
            [-71.107069606, 42.3428976690001],
            [-71.107141606, 42.3428676680001],
            [-71.1072016059999, 42.342833668],
            [-71.107211605, 42.342825668],
            [-71.1072466059999, 42.3428126680001],
            [-71.107442606, 42.3426956690001],
            [-71.107887606, 42.342559669],
            [-71.108027606, 42.342486669],
            [-71.108116606, 42.3424146680001],
            [-71.108194606, 42.342338668],
            [-71.108225605, 42.3422806680001],
            [-71.108226606, 42.342195669],
            [-71.108226606, 42.3421166690001],
            [-71.108239606, 42.342066668],
            [-71.1082556059999, 42.342037669],
            [-71.108291606, 42.3419896680001],
            [-71.1084126059999, 42.3418966690001],
            [-71.1084356059999, 42.341881669],
            [-71.108490607, 42.3418456690001],
            [-71.108771606, 42.3417566680001],
            [-71.109041606, 42.3416736680001],
            [-71.109357606, 42.341589668],
            [-71.109553606, 42.341502668],
            [-71.109600606, 42.3414676680001],
            [-71.109659607, 42.341409668],
            [-71.109683607, 42.341369668],
            [-71.1097676059999, 42.341230668],
            [-71.109850606, 42.3411776680001],
            [-71.109986606, 42.341115668],
            [-71.110089607, 42.3410406680001],
            [-71.110177606, 42.3409676690001],
            [-71.110360607, 42.3407416680001],
            [-71.110469606, 42.340600668],
            [-71.110570606, 42.3404626670001],
            [-71.110579607, 42.3404516680001],
            [-71.110597607, 42.3404136680001],
            [-71.110633607, 42.3403416680001],
            [-71.110663606, 42.3402796680001],
            [-71.110711607, 42.3401386680001],
            [-71.110720606, 42.3400906690001],
            [-71.110710607, 42.3400516690001],
            [-71.110680606, 42.339999667],
            [-71.110675607, 42.339906668],
            [-71.110764606, 42.339726667],
            [-71.110850607, 42.339516668],
            [-71.1108856069999, 42.338892668],
            [-71.1109366059999, 42.338752668],
            [-71.111030607, 42.3385726670001],
            [-71.1111146059999, 42.338373668],
            [-71.111313606, 42.3379106670001],
            [-71.111402606, 42.3376386670001],
            [-71.111466607, 42.3375546670001],
            [-71.111533607, 42.3374666670001],
            [-71.111559606, 42.3373896680001],
            [-71.111551607, 42.3373076670001],
            [-71.111443606, 42.3372146680001],
            [-71.111416607, 42.3371936670001],
            [-71.111296607, 42.337093667],
            [-71.1112456069999, 42.3370316670001],
            [-71.111220606, 42.3369976670001],
            [-71.111200606, 42.336914667],
            [-71.111192606, 42.3368786670001],
            [-71.111170606, 42.336778667],
            [-71.111154606, 42.3367276670001],
            [-71.1111146059999, 42.3366716670001],
            [-71.111057606, 42.3366306670001],
            [-71.111008607, 42.3366106670001],
            [-71.110908606, 42.3365556680001],
            [-71.1108006059999, 42.336440667],
            [-71.110708606, 42.3363166670001],
            [-71.110700606, 42.3362706670001],
            [-71.1107136059999, 42.3362206670001],
            [-71.1107516069999, 42.3361766670001],
            [-71.110901607, 42.3360216670001],
            [-71.1109796059999, 42.3359536680001],
            [-71.111000606, 42.3358416670001],
            [-71.1109996069999, 42.335830667],
            [-71.110990607, 42.335765667],
            [-71.110929607, 42.3356806670001],
            [-71.110808607, 42.3355946670001],
            [-71.110063606, 42.3363156670001],
            [-71.1099916059999, 42.336371667],
            [-71.1098326059999, 42.3365366680001],
            [-71.109333606, 42.3370086680001],
            [-71.108718605, 42.336621667],
            [-71.1082866049999, 42.336331667],
            [-71.108227605, 42.3362956670001],
            [-71.107508605, 42.335850667],
            [-71.1070666049999, 42.3355776670001],
            [-71.106182605, 42.3350126670001],
            [-71.106073605, 42.334934667],
            [-71.105437604, 42.3345326670001],
            [-71.105065604, 42.3342506670001],
            [-71.1049106039999, 42.3341986670001],
            [-71.104453605, 42.334394667],
            [-71.103775605, 42.334664667],
            [-71.103570604, 42.3347416670001],
            [-71.103228604, 42.3348686670001],
            [-71.103073605, 42.3349266670001],
            [-71.102427604, 42.3351576680001],
            [-71.101951603, 42.3352936680001],
            [-71.101434603, 42.335471667],
            [-71.101232604, 42.335543667],
            [-71.100933603, 42.3356626680001],
            [-71.1006836029999, 42.335781668],
            [-71.100306602, 42.3359496670001]
          ]
        ]
      },
      "properties": {
        "OBJECTID": 15,
        "Ward1": "04",
        "COUNT_": 12,
        "WardLabel": "Ward 4",
        "Shape_Leng": 13987.7552353,
        "Shape_Length": 0.112075329925917,
        "Shape_Area": 0.000297736171917043,
        "shape_wkt": null
      }
    },
    {
      "type": "Feature",
      "id": 16,
      "geometry": {
        "type": "Polygon",
        "coordinates": [
          [
            [-71.062529591, 42.3430176690001],
            [-71.062390592, 42.34331967],
            [-71.0620525909999, 42.3440506710001],
            [-71.061779591, 42.3446786700001],
            [-71.0615745919999, 42.345177671],
            [-71.06130459, 42.34581167],
            [-71.061254591, 42.345946671],
            [-71.061237591, 42.3459396710001],
            [-71.061002591, 42.3457786710001],
            [-71.060911591, 42.3457176700001],
            [-71.0607925909999, 42.3456846710001],
            [-71.06072059, 42.345589671],
            [-71.060676591, 42.3455616700001],
            [-71.06055559, 42.3454846700001],
            [-71.0604345909999, 42.3455586710001],
            [-71.0604565909999, 42.3455086710001],
            [-71.06048559, 42.345432671],
            [-71.060345591, 42.3453386700001],
            [-71.06027359, 42.3452576710001],
            [-71.0601235899999, 42.3451906700001],
            [-71.05997059, 42.3450396710001],
            [-71.05995059, 42.34502667],
            [-71.05985759, 42.3449666710001],
            [-71.059640591, 42.344868671],
            [-71.05956159, 42.34493367],
            [-71.059368591, 42.3451036710001],
            [-71.059271591, 42.3451106700001],
            [-71.0591065899999, 42.3452136710001],
            [-71.0589975899999, 42.3452766710001],
            [-71.05893459, 42.3453286710001],
            [-71.05882059, 42.345453671],
            [-71.05875759, 42.3455626700001],
            [-71.05866359, 42.3455726700001],
            [-71.0584315899999, 42.345610671],
            [-71.05837459, 42.345628671],
            [-71.05814359, 42.34565567],
            [-71.05765459, 42.345785671],
            [-71.0568325899999, 42.34602167],
            [-71.056470589, 42.3461196700001],
            [-71.05617259, 42.3462726710001],
            [-71.054469589, 42.3467866710001],
            [-71.0547885889999, 42.3468796700001],
            [-71.0547235889999, 42.347046671],
            [-71.0547215889999, 42.347091671],
            [-71.0547715879999, 42.3472616710001],
            [-71.054627589, 42.3474256710001],
            [-71.052186588, 42.3509306720001],
            [-71.052188588, 42.3511296720001],
            [-71.052085587, 42.351230672],
            [-71.0514635879999, 42.3519406720001],
            [-71.0514615879999, 42.352041672],
            [-71.051361588, 42.3521416730001],
            [-71.050039587, 42.353863673],
            [-71.049961587, 42.3539646720001],
            [-71.0496855869999, 42.354319672],
            [-71.049595588, 42.3545056720001],
            [-71.049396588, 42.3545066720001],
            [-71.049333587, 42.3545936730001],
            [-71.0490735879999, 42.354947673],
            [-71.045566586, 42.3597416740001],
            [-71.045500586, 42.3598336740001],
            [-71.042596586, 42.363806674],
            [-71.043396586, 42.3646066740001],
            [-71.044450587, 42.3658016750001],
            [-71.046226587, 42.367813675],
            [-71.046396587, 42.3680066750001],
            [-71.0464395879999, 42.368063675],
            [-71.046505587, 42.368151675],
            [-71.046695587, 42.3684056760001],
            [-71.047103588, 42.3688816750001],
            [-71.048844588, 42.3709126750001],
            [-71.0490955879999, 42.371205676],
            [-71.050708589, 42.3707566750001],
            [-71.050895588, 42.3707056760001],
            [-71.0516995899999, 42.3707056760001],
            [-71.05499559, 42.3707056760001],
            [-71.056284591, 42.3702756750001],
            [-71.057141591, 42.3699906750001],
            [-71.058827591, 42.3692176750001],
            [-71.0597955919999, 42.3687756750001],
            [-71.059877592, 42.3687676750001],
            [-71.0608355919999, 42.3686796760001],
            [-71.061925593, 42.368579675],
            [-71.061992592, 42.3685736750001],
            [-71.062101592, 42.3685646750001],
            [-71.062184593, 42.3685506750001],
            [-71.062487592, 42.3685006750001],
            [-71.0627455919999, 42.3684556750001],
            [-71.062994593, 42.368399675],
            [-71.063562593, 42.368895675],
            [-71.063921593, 42.3690246750001],
            [-71.064059593, 42.369009675],
            [-71.063984593, 42.368940675],
            [-71.064283593, 42.3689486750001],
            [-71.064481593, 42.3689496750001],
            [-71.064708593, 42.3689556750001],
            [-71.064991593, 42.368961675],
            [-71.065033593, 42.368962674],
            [-71.0650635929999, 42.368962674],
            [-71.065087593, 42.368963675],
            [-71.0651085929999, 42.368963675],
            [-71.065210594, 42.3689666750001],
            [-71.065277594, 42.3689686750001],
            [-71.065426594, 42.3689706750001],
            [-71.065592593, 42.3689746750001],
            [-71.065643593, 42.3689756740001],
            [-71.0657365929999, 42.3689776750001],
            [-71.065842593, 42.3689796740001],
            [-71.065994594, 42.368982675],
            [-71.066176594, 42.368986675],
            [-71.066381593, 42.3689906750001],
            [-71.066940593, 42.3690026750001],
            [-71.0677345949999, 42.3690186740001],
            [-71.0678925949999, 42.3690216750001],
            [-71.068065595, 42.369025675],
            [-71.068326594, 42.369030675],
            [-71.069478595, 42.369054674],
            [-71.0695135949999, 42.3690246750001],
            [-71.069837595, 42.368717675],
            [-71.070025595, 42.3685396750001],
            [-71.0704365949999, 42.368156674],
            [-71.070498595, 42.3680996740001],
            [-71.070547594, 42.3680506740001],
            [-71.070560596, 42.368036675],
            [-71.070575595, 42.368023674],
            [-71.070644594, 42.3679576750001],
            [-71.070826595, 42.3677876740001],
            [-71.071338595, 42.3673066740001],
            [-71.071387595, 42.367259674],
            [-71.071418595, 42.367231674],
            [-71.0714475949999, 42.3672036740001],
            [-71.0715375949999, 42.367118675],
            [-71.071965596, 42.366716674],
            [-71.073721596, 42.3650646740001],
            [-71.073884596, 42.364868674],
            [-71.0747925969999, 42.3637816740001],
            [-71.074941596, 42.3635166730001],
            [-71.075095596, 42.3632116730001],
            [-71.075545596, 42.3619386730001],
            [-71.075657596, 42.3616216740001],
            [-71.075710597, 42.361471673],
            [-71.075590596, 42.3614646730001],
            [-71.075571597, 42.3614636740001],
            [-71.0749785959999, 42.3614236730001],
            [-71.0734515949999, 42.361319673],
            [-71.073172596, 42.3612996730001],
            [-71.072785596, 42.361266673],
            [-71.0727545949999, 42.3612636730001],
            [-71.072355596, 42.3612156730001],
            [-71.072092595, 42.3611876740001],
            [-71.071979595, 42.361177673],
            [-71.071585595, 42.3611296730001],
            [-71.071410595, 42.3610966730001],
            [-71.0712665949999, 42.3610586730001],
            [-71.071115595, 42.3610066730001],
            [-71.0709575939999, 42.3609606730001],
            [-71.070812595, 42.360910673],
            [-71.070633595, 42.360891673],
            [-71.070454594, 42.3608796730001],
            [-71.070258595, 42.3609276730001],
            [-71.070070594, 42.361000673],
            [-71.0700545939999, 42.3610106730001],
            [-71.070035595, 42.3610176730001],
            [-71.0699655939999, 42.3610516740001],
            [-71.0694225949999, 42.3610796730001],
            [-71.0687525929999, 42.361088673],
            [-71.068240594, 42.361104674],
            [-71.067838593, 42.361116673],
            [-71.066911593, 42.361149674],
            [-71.066377593, 42.3611716740001],
            [-71.066371593, 42.360389674],
            [-71.0663675929999, 42.3599476730001],
            [-71.066350593, 42.359627673],
            [-71.066306593, 42.3593636730001],
            [-71.065934593, 42.3593706730001],
            [-71.065048592, 42.359376674],
            [-71.064369593, 42.3593876730001],
            [-71.063998592, 42.3594076730001],
            [-71.063909592, 42.3594126730001],
            [-71.063593592, 42.3594356740001],
            [-71.063544592, 42.3594396730001],
            [-71.062875592, 42.359491673],
            [-71.062862592, 42.3592126730001],
            [-71.062846592, 42.3588976730001],
            [-71.062823591, 42.358722673],
            [-71.062817592, 42.358673674],
            [-71.062727592, 42.358319673],
            [-71.062642592, 42.357985673],
            [-71.0631695929999, 42.357756673],
            [-71.0629945919999, 42.3575186730001],
            [-71.062944592, 42.357467673],
            [-71.0627895919999, 42.357310673],
            [-71.0624565919999, 42.3569606730001],
            [-71.0619565919999, 42.356542673],
            [-71.0622575909999, 42.356276673],
            [-71.062513592, 42.356026672],
            [-71.062876592, 42.3556826720001],
            [-71.0630425909999, 42.3555226720001],
            [-71.063208592, 42.3553426720001],
            [-71.0633085919999, 42.355217672],
            [-71.063419592, 42.3550686730001],
            [-71.063524592, 42.3548856720001],
            [-71.063592592, 42.354767672],
            [-71.0639875919999, 42.353983672],
            [-71.064135592, 42.353644672],
            [-71.064235592, 42.3534026720001],
            [-71.064366591, 42.3530726720001],
            [-71.064453592, 42.352769671],
            [-71.064472593, 42.3527046720001],
            [-71.064562592, 42.3523916720001],
            [-71.064725592, 42.3517166710001],
            [-71.064920592, 42.351079671],
            [-71.0650185919999, 42.350722671],
            [-71.065154593, 42.3502306720001],
            [-71.065323592, 42.3496106710001],
            [-71.065331592, 42.3495776710001],
            [-71.065564593, 42.3486206710001],
            [-71.065704592, 42.347839671],
            [-71.065730592, 42.3476926710001],
            [-71.065755593, 42.347521671],
            [-71.065773592, 42.3473806710001],
            [-71.065794592, 42.3472866710001],
            [-71.0658045929999, 42.3472026710001],
            [-71.0658075919999, 42.3471726710001],
            [-71.065898593, 42.3468776710001],
            [-71.0660335919999, 42.3464586710001],
            [-71.066140592, 42.346212671],
            [-71.066239592, 42.345988671],
            [-71.066287593, 42.3458966710001],
            [-71.066339592, 42.34579767],
            [-71.0666365929999, 42.3451986710001],
            [-71.066719593, 42.34505167],
            [-71.066799593, 42.3448996700001],
            [-71.067073593, 42.3443166710001],
            [-71.0680765929999, 42.3446556700001],
            [-71.068782593, 42.3449086700001],
            [-71.068998593, 42.34498567],
            [-71.069403593, 42.3451216710001],
            [-71.0698555929999, 42.345274671],
            [-71.070016594, 42.3450896700001],
            [-71.070205594, 42.34487267],
            [-71.070391593, 42.3446966700001],
            [-71.070541594, 42.3445686700001],
            [-71.070626593, 42.34451167],
            [-71.0706845939999, 42.3444726700001],
            [-71.0710685939999, 42.34425867],
            [-71.071584593, 42.3439846700001],
            [-71.071863594, 42.343841669],
            [-71.072314594, 42.3436166700001],
            [-71.072817594, 42.3433496690001],
            [-71.0731575949999, 42.3431686700001],
            [-71.072811594, 42.34286667],
            [-71.0719225939999, 42.342102669],
            [-71.0717645939999, 42.341967669],
            [-71.071414593, 42.34166967],
            [-71.071605594, 42.3415576690001],
            [-71.0712475939999, 42.3412896690001],
            [-71.070707593, 42.340798669],
            [-71.070065593, 42.3411696690001],
            [-71.069829593, 42.3412846690001],
            [-71.069671593, 42.3413516700001],
            [-71.069613593, 42.341290669],
            [-71.069558593, 42.3412156700001],
            [-71.069414592, 42.341068669],
            [-71.0692955929999, 42.3410066700001],
            [-71.068586593, 42.3407876690001],
            [-71.068022593, 42.3406466690001],
            [-71.067676593, 42.340460669],
            [-71.067061592, 42.3402716690001],
            [-71.065001592, 42.339608669],
            [-71.064623591, 42.3398616690001],
            [-71.0644595919999, 42.3399906700001],
            [-71.064180592, 42.340195669],
            [-71.064092591, 42.3402606700001],
            [-71.064028591, 42.3403086690001],
            [-71.063937591, 42.3403866690001],
            [-71.063796591, 42.340548669],
            [-71.063508591, 42.3409886700001],
            [-71.063303592, 42.3413856700001],
            [-71.063010591, 42.3419756700001],
            [-71.0628175909999, 42.3423536700001],
            [-71.062732591, 42.34255267],
            [-71.062710591, 42.3426136700001],
            [-71.062529591, 42.3430176690001]
          ]
        ]
      },
      "properties": {
        "OBJECTID": 16,
        "Ward1": "03",
        "COUNT_": 17,
        "WardLabel": "Ward 3",
        "Shape_Leng": 16283.4851384,
        "Shape_Length": 0.126607603486112,
        "Shape_Area": 0.000505502906586732,
        "shape_wkt": null
      }
    },
    {
      "type": "Feature",
      "id": 17,
      "geometry": {
        "type": "Polygon",
        "coordinates": [
          [
            [-71.0972626019999, 42.3393536680001],
            [-71.097136602, 42.3396816690001],
            [-71.0969516009999, 42.339833669],
            [-71.096672602, 42.3399786680001],
            [-71.096672602, 42.340036668],
            [-71.096734602, 42.3401396680001],
            [-71.096733603, 42.3402296680001],
            [-71.096656603, 42.340289668],
            [-71.096425602, 42.3402536680001],
            [-71.096240602, 42.3402516680001],
            [-71.095885602, 42.3404116690001],
            [-71.095452601, 42.340572669],
            [-71.0948826009999, 42.340686668],
            [-71.094381601, 42.340912668],
            [-71.094279601, 42.340958668],
            [-71.094156601, 42.341028668],
            [-71.0936776, 42.341208668],
            [-71.093383601, 42.3413896690001],
            [-71.092843601, 42.3416196680001],
            [-71.092704601, 42.3417756690001],
            [-71.0926426, 42.341947668],
            [-71.0925496, 42.342016669],
            [-71.0923956, 42.3420646690001],
            [-71.0923336, 42.3421106690001],
            [-71.092289601, 42.342191669],
            [-71.0922716, 42.3422246690001],
            [-71.092239601, 42.3423826690001],
            [-71.092254601, 42.3426346690001],
            [-71.092284601, 42.342692669],
            [-71.092392601, 42.3427716690001],
            [-71.0928556009999, 42.3427946690001],
            [-71.093317601, 42.3428856690001],
            [-71.093502601, 42.342958669],
            [-71.093810601, 42.3429666690001],
            [-71.093949601, 42.3430136690001],
            [-71.0941116019999, 42.343140669],
            [-71.094125601, 42.3431506690001],
            [-71.094368602, 42.343160669],
            [-71.094401601, 42.3431736690001],
            [-71.094457601, 42.343256669],
            [-71.0944776009999, 42.3433136690001],
            [-71.094533601, 42.3434716690001],
            [-71.094532601, 42.3437366690001],
            [-71.094502601, 42.343818668],
            [-71.094393602, 42.3439196690001],
            [-71.094285601, 42.34396667],
            [-71.093838601, 42.343997669],
            [-71.0933296009999, 42.343974669],
            [-71.092959601, 42.3439146690001],
            [-71.0927596, 42.343836669],
            [-71.0925895999999, 42.34383567],
            [-71.092342601, 42.3439836690001],
            [-71.092218601, 42.3441216700001],
            [-71.092187601, 42.344198669],
            [-71.0921556, 42.3445636690001],
            [-71.092093601, 42.3446816690001],
            [-71.092108601, 42.344875669],
            [-71.0920456009999, 42.34507067],
            [-71.0921226, 42.3451946690001],
            [-71.092322601, 42.34538967],
            [-71.0924296009999, 42.34557167],
            [-71.092443601, 42.3460536700001],
            [-71.0923816009999, 42.3462346700001],
            [-71.092380601, 42.3465106690001],
            [-71.092380601, 42.3466126700001],
            [-71.0923146009999, 42.3467026700001],
            [-71.092207601, 42.3466996700001],
            [-71.0921356009999, 42.3466886700001],
            [-71.092111602, 42.3467326700001],
            [-71.0918196009999, 42.3466406700001],
            [-71.0912876, 42.34649467],
            [-71.0909836, 42.3464986700001],
            [-71.0909276, 42.3465206700001],
            [-71.090902601, 42.3465526690001],
            [-71.090700601, 42.3465436700001],
            [-71.090550601, 42.34655867],
            [-71.0903996, 42.34658467],
            [-71.0900876, 42.3466656700001],
            [-71.0900056, 42.3466876700001],
            [-71.0894135999999, 42.3468596700001],
            [-71.089264601, 42.34689567],
            [-71.087758599, 42.347308669],
            [-71.0873485989999, 42.3474186710001],
            [-71.0872335999999, 42.34745667],
            [-71.0870765989999, 42.3474996700001],
            [-71.086855599, 42.3475626700001],
            [-71.086734599, 42.34759667],
            [-71.0863765999999, 42.3476906710001],
            [-71.085602599, 42.3478926710001],
            [-71.085313599, 42.3479686710001],
            [-71.0837495979999, 42.3483886700001],
            [-71.082101598, 42.348827671],
            [-71.0818115979999, 42.348914671],
            [-71.081424598, 42.3490266700001],
            [-71.0807785979999, 42.3492036700001],
            [-71.079508597, 42.3495166710001],
            [-71.077368597, 42.3500836710001],
            [-71.076288596, 42.3503926710001],
            [-71.075212595, 42.3506856710001],
            [-71.074018595, 42.351012671],
            [-71.0730675949999, 42.3512516710001],
            [-71.0728225949999, 42.350763671],
            [-71.072659595, 42.3504186710001],
            [-71.072245594, 42.3495406710001],
            [-71.072076594, 42.349188671],
            [-71.072055594, 42.349145671],
            [-71.072000594, 42.349030671],
            [-71.071815594, 42.3486856710001],
            [-71.0726185949999, 42.3480006710001],
            [-71.072658595, 42.3479676710001],
            [-71.072692594, 42.3479396710001],
            [-71.072815594, 42.347841671],
            [-71.073041595, 42.34766167],
            [-71.073285595, 42.3474666700001],
            [-71.073531595, 42.3472706700001],
            [-71.073511595, 42.34723067],
            [-71.073501595, 42.347209671],
            [-71.073106595, 42.3463936700001],
            [-71.072974594, 42.3461196700001],
            [-71.072746595, 42.3456656710001],
            [-71.072564594, 42.3452906700001],
            [-71.072375595, 42.3448806700001],
            [-71.072002595, 42.34413067],
            [-71.071863594, 42.343841669],
            [-71.071584593, 42.3439846700001],
            [-71.0710685939999, 42.34425867],
            [-71.0706845939999, 42.3444726700001],
            [-71.070626593, 42.34451167],
            [-71.070541594, 42.3445686700001],
            [-71.070391593, 42.3446966700001],
            [-71.070205594, 42.34487267],
            [-71.070016594, 42.3450896700001],
            [-71.0698555929999, 42.345274671],
            [-71.069403593, 42.3451216710001],
            [-71.068998593, 42.34498567],
            [-71.068782593, 42.3449086700001],
            [-71.0680765929999, 42.3446556700001],
            [-71.067073593, 42.3443166710001],
            [-71.066799593, 42.3448996700001],
            [-71.066719593, 42.34505167],
            [-71.0666365929999, 42.3451986710001],
            [-71.066339592, 42.34579767],
            [-71.066287593, 42.3458966710001],
            [-71.066239592, 42.345988671],
            [-71.066140592, 42.346212671],
            [-71.0660335919999, 42.3464586710001],
            [-71.065898593, 42.3468776710001],
            [-71.0658075919999, 42.3471726710001],
            [-71.0658045929999, 42.3472026710001],
            [-71.065794592, 42.3472866710001],
            [-71.065773592, 42.3473806710001],
            [-71.065755593, 42.347521671],
            [-71.065730592, 42.3476926710001],
            [-71.065704592, 42.347839671],
            [-71.065564593, 42.3486206710001],
            [-71.065331592, 42.3495776710001],
            [-71.065323592, 42.3496106710001],
            [-71.065154593, 42.3502306720001],
            [-71.0650185919999, 42.350722671],
            [-71.064920592, 42.351079671],
            [-71.064725592, 42.3517166710001],
            [-71.064562592, 42.3523916720001],
            [-71.064472593, 42.3527046720001],
            [-71.064453592, 42.352769671],
            [-71.064366591, 42.3530726720001],
            [-71.064235592, 42.3534026720001],
            [-71.064135592, 42.353644672],
            [-71.0639875919999, 42.353983672],
            [-71.063592592, 42.354767672],
            [-71.063524592, 42.3548856720001],
            [-71.063419592, 42.3550686730001],
            [-71.0633085919999, 42.355217672],
            [-71.063208592, 42.3553426720001],
            [-71.0630425909999, 42.3555226720001],
            [-71.062876592, 42.3556826720001],
            [-71.062513592, 42.356026672],
            [-71.0622575909999, 42.356276673],
            [-71.0619565919999, 42.356542673],
            [-71.0624565919999, 42.3569606730001],
            [-71.0627895919999, 42.357310673],
            [-71.062944592, 42.357467673],
            [-71.0629945919999, 42.3575186730001],
            [-71.0631695929999, 42.357756673],
            [-71.062642592, 42.357985673],
            [-71.062727592, 42.358319673],
            [-71.062817592, 42.358673674],
            [-71.062823591, 42.358722673],
            [-71.062846592, 42.3588976730001],
            [-71.062862592, 42.3592126730001],
            [-71.062875592, 42.359491673],
            [-71.063544592, 42.3594396730001],
            [-71.063593592, 42.3594356740001],
            [-71.063909592, 42.3594126730001],
            [-71.063998592, 42.3594076730001],
            [-71.064369593, 42.3593876730001],
            [-71.065048592, 42.359376674],
            [-71.065934593, 42.3593706730001],
            [-71.066306593, 42.3593636730001],
            [-71.066350593, 42.359627673],
            [-71.0663675929999, 42.3599476730001],
            [-71.066371593, 42.360389674],
            [-71.066377593, 42.3611716740001],
            [-71.066911593, 42.361149674],
            [-71.067838593, 42.361116673],
            [-71.068240594, 42.361104674],
            [-71.0687525929999, 42.361088673],
            [-71.0694225949999, 42.3610796730001],
            [-71.0699655939999, 42.3610516740001],
            [-71.070035595, 42.3610176730001],
            [-71.0700545939999, 42.3610106730001],
            [-71.070070594, 42.361000673],
            [-71.070258595, 42.3609276730001],
            [-71.070454594, 42.3608796730001],
            [-71.070633595, 42.360891673],
            [-71.070812595, 42.360910673],
            [-71.0709575939999, 42.3609606730001],
            [-71.071115595, 42.3610066730001],
            [-71.0712665949999, 42.3610586730001],
            [-71.071410595, 42.3610966730001],
            [-71.071585595, 42.3611296730001],
            [-71.071979595, 42.361177673],
            [-71.072092595, 42.3611876740001],
            [-71.072355596, 42.3612156730001],
            [-71.0727545949999, 42.3612636730001],
            [-71.072785596, 42.361266673],
            [-71.073172596, 42.3612996730001],
            [-71.0734515949999, 42.361319673],
            [-71.0749785959999, 42.3614236730001],
            [-71.075571597, 42.3614636740001],
            [-71.075590596, 42.3614646730001],
            [-71.075710597, 42.361471673],
            [-71.076092596, 42.360388673],
            [-71.076403597, 42.3599646720001],
            [-71.076427597, 42.3599326720001],
            [-71.0766605969999, 42.359676672],
            [-71.076810596, 42.359512673],
            [-71.077334596, 42.359092672],
            [-71.077952597, 42.3587436720001],
            [-71.079361597, 42.3582756720001],
            [-71.083398598, 42.356933672],
            [-71.085175599, 42.356341672],
            [-71.0875116, 42.3555656720001],
            [-71.091002602, 42.354405672],
            [-71.0912356009999, 42.3543466720001],
            [-71.093002602, 42.3539026710001],
            [-71.093237602, 42.3538606710001],
            [-71.093294602, 42.353851671],
            [-71.0940256009999, 42.3537316710001],
            [-71.094985602, 42.3535726710001],
            [-71.095987603, 42.3534076710001],
            [-71.097244603, 42.35319967],
            [-71.097627603, 42.3531576710001],
            [-71.0978906029999, 42.353128671],
            [-71.101815605, 42.3526966710001],
            [-71.102399605, 42.3526316700001],
            [-71.103032605, 42.352522671],
            [-71.103157604, 42.35149367],
            [-71.103245605, 42.351166671],
            [-71.103268605, 42.35108367],
            [-71.103318605, 42.35099367],
            [-71.1034256039999, 42.35061267],
            [-71.1034836059999, 42.3502786700001],
            [-71.103624604, 42.3497416700001],
            [-71.102843604, 42.34964567],
            [-71.100555604, 42.3493656700001],
            [-71.1005646039999, 42.34930167],
            [-71.100568604, 42.34928567],
            [-71.100592604, 42.34919267],
            [-71.100636604, 42.3489956700001],
            [-71.100669604, 42.34872067],
            [-71.100728604, 42.3483456700001],
            [-71.100764604, 42.3481096690001],
            [-71.1009956039999, 42.34797867],
            [-71.1008156039999, 42.3479606700001],
            [-71.1005646039999, 42.3479266700001],
            [-71.100978604, 42.3478126700001],
            [-71.101143605, 42.3477666700001],
            [-71.100871603, 42.34773267],
            [-71.100622603, 42.3477016700001],
            [-71.100153603, 42.3476716700001],
            [-71.0998026029999, 42.34765967],
            [-71.0981156029999, 42.347645669],
            [-71.098166603, 42.3476076690001],
            [-71.098575603, 42.3471816690001],
            [-71.098955603, 42.3468236690001],
            [-71.099347604, 42.34644767],
            [-71.099501604, 42.3462816690001],
            [-71.099702603, 42.3460756690001],
            [-71.1003186039999, 42.345478669],
            [-71.100595604, 42.345231669],
            [-71.100804604, 42.3450446690001],
            [-71.100982604, 42.3448896690001],
            [-71.100760604, 42.3447786690001],
            [-71.100474603, 42.3447076690001],
            [-71.100327603, 42.3445746690001],
            [-71.100058603, 42.3440996690001],
            [-71.099984604, 42.343977669],
            [-71.099772603, 42.3435446680001],
            [-71.099613603, 42.3432216690001],
            [-71.0995546029999, 42.343118669],
            [-71.099521603, 42.343050669],
            [-71.099373603, 42.342690668],
            [-71.099187603, 42.3422686690001],
            [-71.098986602, 42.3418396690001],
            [-71.098794603, 42.3414436680001],
            [-71.098540602, 42.340918668],
            [-71.0984086029999, 42.340799668],
            [-71.098334603, 42.3407196680001],
            [-71.0974246019999, 42.3397276680001],
            [-71.097491603, 42.339603669],
            [-71.0974906019999, 42.339583669],
            [-71.097387602, 42.3395366680001],
            [-71.0973756019999, 42.3394486670001],
            [-71.0972626019999, 42.3393536680001]
          ]
        ]
      },
      "properties": {
        "OBJECTID": 17,
        "Ward1": "05",
        "COUNT_": 15,
        "WardLabel": "Ward 5",
        "Shape_Leng": 16658.3371457,
        "Shape_Length": 0.133238534348205,
        "Shape_Area": 0.000407792423909454,
        "shape_wkt": null
      }
    },
    {
      "type": "Feature",
      "id": 18,
      "geometry": {
        "type": "Polygon",
        "coordinates": [
          [
            [-71.096402599, 42.293243659],
            [-71.095307599, 42.2930966590001],
            [-71.095060598, 42.2930916600001],
            [-71.094680599, 42.29308366],
            [-71.094542599, 42.2930296600001],
            [-71.0944415989999, 42.29313066],
            [-71.094351598, 42.2932266600001],
            [-71.094273598, 42.29331066],
            [-71.0932265979999, 42.29454966],
            [-71.093173598, 42.2946216600001],
            [-71.0925765979999, 42.2954406600001],
            [-71.092329597, 42.29576466],
            [-71.092208598, 42.2958876600001],
            [-71.091715598, 42.2965686600001],
            [-71.091568598, 42.2967576610001],
            [-71.091437597, 42.2968736610001],
            [-71.091350598, 42.296930661],
            [-71.0911825969999, 42.2970086600001],
            [-71.090921598, 42.2971166610001],
            [-71.090480597, 42.29726766],
            [-71.090059598, 42.297399661],
            [-71.089635598, 42.2975066600001],
            [-71.088598597, 42.2977536610001],
            [-71.087420596, 42.2980516600001],
            [-71.086992596, 42.2981506610001],
            [-71.086936597, 42.2983656600001],
            [-71.086791596, 42.2987826610001],
            [-71.086692596, 42.299113661],
            [-71.086541596, 42.29957066],
            [-71.086404596, 42.300011661],
            [-71.0862565959999, 42.300397661],
            [-71.086164596, 42.300638662],
            [-71.0859185959999, 42.301342661],
            [-71.085903596, 42.301389661],
            [-71.085727596, 42.3019616620001],
            [-71.0855585959999, 42.3025036610001],
            [-71.085362597, 42.3031016620001],
            [-71.0852465959999, 42.303454661],
            [-71.085000596, 42.3041866620001],
            [-71.084923596, 42.3044366620001],
            [-71.084850596, 42.304714662],
            [-71.084741597, 42.3052856620001],
            [-71.084721596, 42.305455662],
            [-71.084692596, 42.305616662],
            [-71.084653596, 42.3059396620001],
            [-71.084619596, 42.3061246620001],
            [-71.084552596, 42.3063866620001],
            [-71.084475596, 42.3066166620001],
            [-71.084403596, 42.306805662],
            [-71.0842995959999, 42.3070236620001],
            [-71.084189596, 42.3071996620001],
            [-71.084029595, 42.3074256630001],
            [-71.083898596, 42.3075986630001],
            [-71.083686596, 42.3078996620001],
            [-71.083254596, 42.3084776630001],
            [-71.083092596, 42.3087496630001],
            [-71.083078596, 42.3087806630001],
            [-71.0829745949999, 42.309009663],
            [-71.082804596, 42.3093396630001],
            [-71.0827445959999, 42.309439663],
            [-71.082668596, 42.3095436630001],
            [-71.082514596, 42.3096696630001],
            [-71.082012595, 42.3102646630001],
            [-71.081706595, 42.3106636630001],
            [-71.081574595, 42.3108446630001],
            [-71.081148595, 42.311371663],
            [-71.0807435959999, 42.3118996630001],
            [-71.080312595, 42.3124266630001],
            [-71.080088595, 42.312699664],
            [-71.079683595, 42.3132276640001],
            [-71.079497594, 42.3135216640001],
            [-71.079401595, 42.3136846640001],
            [-71.079168594, 42.3140566640001],
            [-71.078823594, 42.314616664],
            [-71.078483595, 42.315240664],
            [-71.078331594, 42.315555665],
            [-71.0782745939999, 42.315687665],
            [-71.078215595, 42.3158796640001],
            [-71.078151594, 42.316233664],
            [-71.078054594, 42.316903665],
            [-71.078014595, 42.317206664],
            [-71.077972595, 42.3173946640001],
            [-71.077897595, 42.317806665],
            [-71.077814595, 42.318304665],
            [-71.077761594, 42.318614665],
            [-71.0777495949999, 42.318752665],
            [-71.077748595, 42.3188496650001],
            [-71.077751594, 42.3190676660001],
            [-71.0777495949999, 42.319292665],
            [-71.077764595, 42.3197496660001],
            [-71.077758595, 42.319879665],
            [-71.077761594, 42.3202186660001],
            [-71.077754595, 42.3204046650001],
            [-71.077746594, 42.320439665],
            [-71.0777095939999, 42.3206386650001],
            [-71.077654595, 42.320847665],
            [-71.077627594, 42.3209156660001],
            [-71.077489594, 42.321276665],
            [-71.077282595, 42.3218196650001],
            [-71.077223594, 42.3219836660001],
            [-71.077185595, 42.322104666],
            [-71.0771465939999, 42.3222046660001],
            [-71.0770975949999, 42.322289665],
            [-71.076927594, 42.3225346660001],
            [-71.076664595, 42.322897665],
            [-71.077516595, 42.323269666],
            [-71.077846595, 42.3234026650001],
            [-71.078333595, 42.3236126670001],
            [-71.0788085949999, 42.3238066660001],
            [-71.079200596, 42.3239846650001],
            [-71.079407595, 42.3240726660001],
            [-71.079600596, 42.324169666],
            [-71.079445595, 42.324267666],
            [-71.078654595, 42.3248756670001],
            [-71.079047595, 42.325143666],
            [-71.079243595, 42.325257666],
            [-71.080197596, 42.3259366660001],
            [-71.080318596, 42.325998666],
            [-71.080318596, 42.326150666],
            [-71.0803585959999, 42.3263696660001],
            [-71.0806765959999, 42.327620666],
            [-71.080813596, 42.3281616670001],
            [-71.080891596, 42.3285056670001],
            [-71.081314596, 42.328495667],
            [-71.081338596, 42.328494667],
            [-71.081521596, 42.328494667],
            [-71.082747597, 42.3286146660001],
            [-71.083448597, 42.3286586670001],
            [-71.0839335969999, 42.3287126670001],
            [-71.084403597, 42.3287716670001],
            [-71.0848985979999, 42.328853667],
            [-71.084994598, 42.328879666],
            [-71.085100597, 42.3289076670001],
            [-71.085184598, 42.3288626660001],
            [-71.085725598, 42.3286476660001],
            [-71.0861605979999, 42.328469666],
            [-71.086373598, 42.328380667],
            [-71.086583598, 42.3282766660001],
            [-71.086741598, 42.328156667],
            [-71.0867905979999, 42.3281066660001],
            [-71.086853598, 42.328043666],
            [-71.086939598, 42.3278996670001],
            [-71.086959598, 42.327865666],
            [-71.086996598, 42.3277906660001],
            [-71.0872625979999, 42.327167666],
            [-71.0873925989999, 42.3268836670001],
            [-71.087695599, 42.3261926660001],
            [-71.0878905989999, 42.3257186660001],
            [-71.087546599, 42.325636666],
            [-71.087435597, 42.3255866660001],
            [-71.087324598, 42.3255166660001],
            [-71.087248598, 42.3254426660001],
            [-71.0871735979999, 42.325347666],
            [-71.0871285979999, 42.3252496660001],
            [-71.0871035979999, 42.3251476660001],
            [-71.087090598, 42.324871666],
            [-71.087097598, 42.324578666],
            [-71.087077598, 42.3244616650001],
            [-71.087022598, 42.3242916660001],
            [-71.087010598, 42.324261666],
            [-71.086952598, 42.324109666],
            [-71.086797598, 42.3238216660001],
            [-71.0869275969999, 42.3237546650001],
            [-71.087253598, 42.323615665],
            [-71.087323598, 42.3235806650001],
            [-71.087395597, 42.323544665],
            [-71.087462598, 42.3234896660001],
            [-71.087610597, 42.323345665],
            [-71.087707597, 42.323186665],
            [-71.087742598, 42.323139666],
            [-71.0878225989999, 42.323029665],
            [-71.088019598, 42.322773666],
            [-71.088336598, 42.322350665],
            [-71.0886115979999, 42.322600665],
            [-71.090593599, 42.3210346650001],
            [-71.090556599, 42.3208796650001],
            [-71.090810598, 42.320848664],
            [-71.090917599, 42.3207636650001],
            [-71.091133599, 42.3205906650001],
            [-71.091373599, 42.3204316650001],
            [-71.090868598, 42.3198736640001],
            [-71.0903445979999, 42.3192856640001],
            [-71.090238599, 42.319221665],
            [-71.090673598, 42.3188826650001],
            [-71.090802599, 42.318757664],
            [-71.090843599, 42.3186816640001],
            [-71.090905598, 42.3185146640001],
            [-71.091004599, 42.3182766640001],
            [-71.091133599, 42.3179626640001],
            [-71.091294599, 42.3176136640001],
            [-71.091619599, 42.3170056640001],
            [-71.091779599, 42.3169716640001],
            [-71.091967599, 42.3169496640001],
            [-71.092293599, 42.3169246640001],
            [-71.092470599, 42.3169036640001],
            [-71.092722599, 42.3168516640001],
            [-71.092964599, 42.3167596640001],
            [-71.0930905989999, 42.316683664],
            [-71.0931836, 42.316551664],
            [-71.0932265989999, 42.3164516640001],
            [-71.0933335999999, 42.316160665],
            [-71.0934725989999, 42.3157976630001],
            [-71.0935595999999, 42.3155236630001],
            [-71.093618599, 42.315248663],
            [-71.0936816, 42.3150246640001],
            [-71.093756599, 42.314793664],
            [-71.093821599, 42.314549664],
            [-71.0938596, 42.3144656640001],
            [-71.0939385999999, 42.3143286640001],
            [-71.094088599, 42.3141506640001],
            [-71.0941746, 42.3140696630001],
            [-71.0943956, 42.3138846630001],
            [-71.0947906, 42.313582663],
            [-71.0950386, 42.3133906630001],
            [-71.0951456, 42.313290663],
            [-71.0953595999999, 42.3131376640001],
            [-71.0955426, 42.3130016630001],
            [-71.0959806, 42.312679663],
            [-71.0962486, 42.312500663],
            [-71.0963916, 42.3124006630001],
            [-71.0965765999999, 42.312321663],
            [-71.0968326, 42.312254663],
            [-71.0970176, 42.312185663],
            [-71.0970886, 42.312159663],
            [-71.0973026, 42.3120236630001],
            [-71.097488601, 42.3118656630001],
            [-71.0976386, 42.311693663],
            [-71.097746601, 42.311553663],
            [-71.097796601, 42.311427662],
            [-71.0978335999999, 42.3112686640001],
            [-71.0978486, 42.3110756630001],
            [-71.097863601, 42.3109416620001],
            [-71.097865601, 42.3105926630001],
            [-71.097866601, 42.3104456630001],
            [-71.097903601, 42.3102226630001],
            [-71.0979265999999, 42.3100446620001],
            [-71.0979846, 42.309888663],
            [-71.0980706, 42.3097306620001],
            [-71.0981916009999, 42.3095936620001],
            [-71.0983206, 42.309509663],
            [-71.098541601, 42.3094046620001],
            [-71.098904601, 42.3092526620001],
            [-71.099057601, 42.3091996630001],
            [-71.0993846009999, 42.309084662],
            [-71.099340602, 42.3088426630001],
            [-71.099864601, 42.3080746620001],
            [-71.099954601, 42.307906663],
            [-71.100035601, 42.307933663],
            [-71.100133601, 42.307933663],
            [-71.100248601, 42.307870662],
            [-71.100411601, 42.307485662],
            [-71.100485601, 42.3072966620001],
            [-71.100397602, 42.3072686630001],
            [-71.100716601, 42.3065746620001],
            [-71.1011356019999, 42.306626662],
            [-71.101151602, 42.3065546610001],
            [-71.101486601, 42.306582662],
            [-71.101977602, 42.3059926620001],
            [-71.102314602, 42.3059826620001],
            [-71.102450601, 42.305978662],
            [-71.1026906019999, 42.305974662],
            [-71.1026686019999, 42.305658662],
            [-71.102685602, 42.3054246620001],
            [-71.1027136019999, 42.305277662],
            [-71.102748602, 42.3052086610001],
            [-71.102762602, 42.3051826620001],
            [-71.102855602, 42.3050746610001],
            [-71.102998602, 42.3049356610001],
            [-71.103079602, 42.3047976610001],
            [-71.103133601, 42.3046586610001],
            [-71.103171603, 42.3045076610001],
            [-71.103216602, 42.3041896610001],
            [-71.1032546019999, 42.303979661],
            [-71.103303602, 42.303836662],
            [-71.1034116019999, 42.3036906610001],
            [-71.103761602, 42.303297661],
            [-71.103874602, 42.3031706610001],
            [-71.104072602, 42.3029936610001],
            [-71.104335603, 42.3027716610001],
            [-71.1045606019999, 42.3025936600001],
            [-71.1048506019999, 42.3023286610001],
            [-71.104756602, 42.3019616610001],
            [-71.104672603, 42.30175266],
            [-71.104610602, 42.3015316610001],
            [-71.104583603, 42.301340661],
            [-71.104577602, 42.3011916610001],
            [-71.104568602, 42.3009916610001],
            [-71.104576602, 42.3006596610001],
            [-71.104611603, 42.3004726610001],
            [-71.104661602, 42.3002796610001],
            [-71.104270602, 42.300237661],
            [-71.104091602, 42.300190661],
            [-71.104054602, 42.3001806610001],
            [-71.103930603, 42.3001436610001],
            [-71.103832602, 42.3001106610001],
            [-71.103762602, 42.3000866610001],
            [-71.103622602, 42.30002166],
            [-71.103485602, 42.2999406610001],
            [-71.103291601, 42.299814661],
            [-71.102952602, 42.29950266],
            [-71.102591601, 42.29918266],
            [-71.101864602, 42.2985186600001],
            [-71.1009696, 42.29767566],
            [-71.100221601, 42.2969706600001],
            [-71.099815601, 42.29657566],
            [-71.0994686, 42.2962466600001],
            [-71.0991645999999, 42.2959496600001],
            [-71.0990045999999, 42.295788659],
            [-71.0988526, 42.29564866],
            [-71.097402599, 42.2942276590001],
            [-71.0968965989999, 42.293743659],
            [-71.096619599, 42.293469659],
            [-71.096402599, 42.293243659]
          ]
        ]
      },
      "properties": {
        "OBJECTID": 18,
        "Ward1": "12",
        "COUNT_": 9,
        "WardLabel": "Ward 12",
        "Shape_Leng": 14028.2816402,
        "Shape_Length": 0.104746164732413,
        "Shape_Area": 0.000467760223467218,
        "shape_wkt": null
      }
    },
    {
      "type": "Feature",
      "id": 19,
      "geometry": {
        "type": "Polygon",
        "coordinates": [
          [
            [-71.119712605, 42.2802966560001],
            [-71.1196726059999, 42.280855656],
            [-71.119634606, 42.2814906560001],
            [-71.119618606, 42.282693657],
            [-71.119588606, 42.2839186570001],
            [-71.119565606, 42.2850256570001],
            [-71.119549607, 42.2855196580001],
            [-71.1188176059999, 42.285509657],
            [-71.1187286059999, 42.2861926570001],
            [-71.118686606, 42.2864176580001],
            [-71.117903606, 42.2864196580001],
            [-71.1171796049999, 42.2864376580001],
            [-71.116398605, 42.2864486570001],
            [-71.116219605, 42.286451658],
            [-71.1154686049999, 42.286473657],
            [-71.115125605, 42.286474658],
            [-71.114869605, 42.2864796580001],
            [-71.114621605, 42.2864836570001],
            [-71.114038604, 42.2864876570001],
            [-71.113584605, 42.2865076570001],
            [-71.113281604, 42.2865006580001],
            [-71.112583604, 42.2865096580001],
            [-71.1121796049999, 42.2865346580001],
            [-71.111963604, 42.286566658],
            [-71.111613604, 42.286656658],
            [-71.111112603, 42.286788658],
            [-71.110780604, 42.2868626580001],
            [-71.110635604, 42.2869106580001],
            [-71.110563603, 42.2869586570001],
            [-71.1103196029999, 42.2871616580001],
            [-71.110122603, 42.287371658],
            [-71.109921603, 42.2875426580001],
            [-71.109763603, 42.287647658],
            [-71.109221603, 42.287935658],
            [-71.108522603, 42.288299658],
            [-71.107947603, 42.2886246590001],
            [-71.107759602, 42.288789658],
            [-71.107635603, 42.288876659],
            [-71.107420603, 42.2890286590001],
            [-71.107089603, 42.2892426590001],
            [-71.106871603, 42.2893386590001],
            [-71.1061106019999, 42.2895446580001],
            [-71.105884602, 42.2896156590001],
            [-71.105666602, 42.289753659],
            [-71.105477601, 42.2899076590001],
            [-71.105351602, 42.2900096590001],
            [-71.104713601, 42.2905526590001],
            [-71.1042656019999, 42.2909176590001],
            [-71.104034602, 42.291106659],
            [-71.103927601, 42.2912046590001],
            [-71.1037536009999, 42.2913636580001],
            [-71.103694602, 42.2914176590001],
            [-71.102910602, 42.2920676590001],
            [-71.102685601, 42.292280659],
            [-71.1019486, 42.2929876600001],
            [-71.1016836009999, 42.2931736590001],
            [-71.1013906009999, 42.293180659],
            [-71.1010105999999, 42.2931056590001],
            [-71.1005206, 42.2930056590001],
            [-71.0998216, 42.29295166],
            [-71.0989486, 42.2929806590001],
            [-71.096546599, 42.2932306590001],
            [-71.096414599, 42.293040659],
            [-71.0963606, 42.2929336600001],
            [-71.0963305989999, 42.2928706600001],
            [-71.096181599, 42.2928946600001],
            [-71.096200599, 42.2929376590001],
            [-71.0963305989999, 42.2931646600001],
            [-71.096402599, 42.293243659],
            [-71.096619599, 42.293469659],
            [-71.0968965989999, 42.293743659],
            [-71.097402599, 42.2942276590001],
            [-71.0988526, 42.29564866],
            [-71.0990045999999, 42.295788659],
            [-71.0991645999999, 42.2959496600001],
            [-71.0994686, 42.2962466600001],
            [-71.099815601, 42.29657566],
            [-71.100221601, 42.2969706600001],
            [-71.1009696, 42.29767566],
            [-71.101864602, 42.2985186600001],
            [-71.102591601, 42.29918266],
            [-71.102952602, 42.29950266],
            [-71.103291601, 42.299814661],
            [-71.103485602, 42.2999406610001],
            [-71.103622602, 42.30002166],
            [-71.103762602, 42.3000866610001],
            [-71.103832602, 42.3001106610001],
            [-71.103930603, 42.3001436610001],
            [-71.104054602, 42.3001806610001],
            [-71.104091602, 42.300190661],
            [-71.104270602, 42.300237661],
            [-71.104661602, 42.3002796610001],
            [-71.104687602, 42.30017966],
            [-71.104789602, 42.3000416610001],
            [-71.1049836029999, 42.2998436600001],
            [-71.105117602, 42.2996846610001],
            [-71.1052526029999, 42.29947466],
            [-71.105359602, 42.29929666],
            [-71.1054146019999, 42.299157661],
            [-71.105464603, 42.2989876600001],
            [-71.105517602, 42.2988396600001],
            [-71.105597603, 42.2987496600001],
            [-71.105700603, 42.2986496600001],
            [-71.105855603, 42.2985596600001],
            [-71.1060476019999, 42.2984966600001],
            [-71.106184602, 42.2984766600001],
            [-71.1064486019999, 42.29843866],
            [-71.106864603, 42.29841966],
            [-71.107269603, 42.298393661],
            [-71.107362604, 42.2983836600001],
            [-71.107529603, 42.29862166],
            [-71.107606603, 42.2986506600001],
            [-71.1082466029999, 42.2989066600001],
            [-71.1084966029999, 42.29900666],
            [-71.1095966029999, 42.2991066600001],
            [-71.110075604, 42.2985186600001],
            [-71.109815604, 42.29817466],
            [-71.110061604, 42.2979356600001],
            [-71.1102736029999, 42.2977776600001],
            [-71.110671604, 42.2974836600001],
            [-71.1110356039999, 42.2970286600001],
            [-71.111177604, 42.2969036590001],
            [-71.111264605, 42.2970966600001],
            [-71.1118406049999, 42.29751666],
            [-71.112715604, 42.2981356600001],
            [-71.113137604, 42.29844266],
            [-71.114085605, 42.2991236600001],
            [-71.1138686049999, 42.29947766],
            [-71.1135996049999, 42.29988166],
            [-71.113545605, 42.29994866],
            [-71.114078606, 42.30006366],
            [-71.114159606, 42.3001876600001],
            [-71.1146716059999, 42.3005686600001],
            [-71.114618606, 42.30085066],
            [-71.1145886049999, 42.3010106610001],
            [-71.114545606, 42.3013186600001],
            [-71.1145416049999, 42.3013536610001],
            [-71.114513606, 42.3016046600001],
            [-71.114507605, 42.3016546600001],
            [-71.114483606, 42.301767661],
            [-71.114461606, 42.30191266],
            [-71.114715606, 42.3019826610001],
            [-71.115023606, 42.3021446600001],
            [-71.1155536059999, 42.302465661],
            [-71.116300606, 42.3026686600001],
            [-71.116689607, 42.302763661],
            [-71.116895606, 42.3028246600001],
            [-71.117040606, 42.3028936600001],
            [-71.117731606, 42.303327661],
            [-71.118117607, 42.3035856600001],
            [-71.1184306069999, 42.303793661],
            [-71.118932607, 42.304109661],
            [-71.119401607, 42.3044426610001],
            [-71.1196006069999, 42.304673661],
            [-71.119659608, 42.3048026610001],
            [-71.119702608, 42.3049596610001],
            [-71.1197126069999, 42.3050726610001],
            [-71.119705608, 42.3051606610001],
            [-71.119700608, 42.305233661],
            [-71.119667608, 42.3053796610001],
            [-71.119584607, 42.3055886610001],
            [-71.119491608, 42.305777661],
            [-71.119320607, 42.306091661],
            [-71.119277608, 42.3061926610001],
            [-71.119203607, 42.3064226610001],
            [-71.1191926079999, 42.306793661],
            [-71.119200608, 42.3069756620001],
            [-71.119007607, 42.306994661],
            [-71.118490607, 42.3070246610001],
            [-71.118275607, 42.307057661],
            [-71.117988607, 42.307102661],
            [-71.117545607, 42.307192662],
            [-71.1172386069999, 42.307261662],
            [-71.116791607, 42.307357661],
            [-71.1165606069999, 42.3074126610001],
            [-71.116214607, 42.3074946620001],
            [-71.1157766059999, 42.3075926620001],
            [-71.1155066059999, 42.3076636610001],
            [-71.1150336059999, 42.307713662],
            [-71.114791606, 42.307731662],
            [-71.113357605, 42.3078386620001],
            [-71.112742606, 42.307892662],
            [-71.1118646049999, 42.3079706620001],
            [-71.111443604, 42.3079916620001],
            [-71.111187604, 42.3079866620001],
            [-71.1108986039999, 42.307959661],
            [-71.1103806039999, 42.307909662],
            [-71.110196604, 42.307875661],
            [-71.110052604, 42.3078316620001],
            [-71.109868604, 42.307751662],
            [-71.109494604, 42.307602661],
            [-71.109342604, 42.307531662],
            [-71.109327605, 42.3075256610001],
            [-71.108811604, 42.3082806620001],
            [-71.107658603, 42.3101066620001],
            [-71.1073456029999, 42.3106306620001],
            [-71.106990604, 42.311157662],
            [-71.106610603, 42.3117486630001],
            [-71.106293603, 42.3123376630001],
            [-71.106085604, 42.3128016630001],
            [-71.1057916029999, 42.3134516640001],
            [-71.105377603, 42.3146526630001],
            [-71.105203603, 42.3151246640001],
            [-71.105057603, 42.315495664],
            [-71.1049356029999, 42.3157976630001],
            [-71.104623604, 42.3166956640001],
            [-71.104475603, 42.3170306640001],
            [-71.1042136039999, 42.3174646640001],
            [-71.1039666039999, 42.3178656640001],
            [-71.1036816019999, 42.3182996640001],
            [-71.1034316029999, 42.318665664],
            [-71.102944603, 42.3193066640001],
            [-71.102987603, 42.3193316640001],
            [-71.103152602, 42.3194486640001],
            [-71.1034726029999, 42.319654664],
            [-71.103798603, 42.3198466650001],
            [-71.103985603, 42.3199856650001],
            [-71.1045796029999, 42.3196696640001],
            [-71.104846604, 42.319523664],
            [-71.1049806039999, 42.3194446640001],
            [-71.105039604, 42.3193936640001],
            [-71.105131604, 42.3192866640001],
            [-71.105289604, 42.3193736640001],
            [-71.105448604, 42.319517665],
            [-71.1055656039999, 42.319609665],
            [-71.1058566039999, 42.319969664],
            [-71.106560604, 42.3209226640001],
            [-71.106676604, 42.3210536650001],
            [-71.106788605, 42.321164664],
            [-71.107499605, 42.321727664],
            [-71.1079886059999, 42.3221226640001],
            [-71.108270605, 42.322332665],
            [-71.108452605, 42.322397665],
            [-71.109255606, 42.3221736640001],
            [-71.1094536049999, 42.3221246650001],
            [-71.109938605, 42.3220336640001],
            [-71.110319605, 42.3219186640001],
            [-71.110644605, 42.321843664],
            [-71.1116596059999, 42.321686664],
            [-71.112090606, 42.3216106640001],
            [-71.112312607, 42.3215756640001],
            [-71.112815607, 42.3215046650001],
            [-71.113213607, 42.321433664],
            [-71.113881606, 42.3213296640001],
            [-71.114154607, 42.3212916650001],
            [-71.114501607, 42.3212436640001],
            [-71.114946607, 42.3211816640001],
            [-71.115194607, 42.321141664],
            [-71.115426607, 42.3211036640001],
            [-71.115599607, 42.321074665],
            [-71.115814607, 42.321056664],
            [-71.115990607, 42.3210396640001],
            [-71.116321607, 42.3210206640001],
            [-71.116570607, 42.321029664],
            [-71.117117607, 42.3210636640001],
            [-71.117491607, 42.321096664],
            [-71.117824608, 42.321142664],
            [-71.118506608, 42.3212656640001],
            [-71.119193608, 42.321393664],
            [-71.1196186079999, 42.3214636650001],
            [-71.1195496089999, 42.3218286640001],
            [-71.119515608, 42.322063665],
            [-71.1195256089999, 42.322269664],
            [-71.1195756079999, 42.3225246640001],
            [-71.119607609, 42.3226226640001],
            [-71.119539608, 42.3227536650001],
            [-71.1198646089999, 42.3227906640001],
            [-71.119920609, 42.3228016640001],
            [-71.119963608, 42.3228016640001],
            [-71.1200446079999, 42.322824665],
            [-71.120112609, 42.3228436640001],
            [-71.120141608, 42.3228646640001],
            [-71.12039161, 42.3230506640001],
            [-71.1215286089999, 42.323890664],
            [-71.12336761, 42.322579664],
            [-71.12371161, 42.3227246640001],
            [-71.12397261, 42.3223216640001],
            [-71.124269611, 42.321864664],
            [-71.12445961, 42.3216546640001],
            [-71.1245686089999, 42.321531663],
            [-71.1246096099999, 42.321487663],
            [-71.1250116109999, 42.3210376640001],
            [-71.12542561, 42.320575664],
            [-71.125793611, 42.3201636630001],
            [-71.12688761, 42.318943663],
            [-71.12706761, 42.318741663],
            [-71.127177611, 42.3186156640001],
            [-71.1273516109999, 42.3184166630001],
            [-71.1281856109999, 42.317449664],
            [-71.128330611, 42.3172806630001],
            [-71.128601611, 42.3169676630001],
            [-71.128959611, 42.3165446630001],
            [-71.1294226109999, 42.3159906620001],
            [-71.129637611, 42.3157336630001],
            [-71.130263611, 42.3149846630001],
            [-71.1305426119999, 42.3146506620001],
            [-71.130642611, 42.3145386630001],
            [-71.130955612, 42.3141876620001],
            [-71.131334612, 42.313768662],
            [-71.131749612, 42.3133116620001],
            [-71.131863611, 42.3131866620001],
            [-71.132834612, 42.311701661],
            [-71.133163613, 42.3112126620001],
            [-71.1340986129999, 42.3096846620001],
            [-71.134359612, 42.3092606610001],
            [-71.1344596119999, 42.3091046610001],
            [-71.134885612, 42.308500661],
            [-71.135008612, 42.3083266610001],
            [-71.1353296139999, 42.307870661],
            [-71.135389612, 42.3077876610001],
            [-71.136112613, 42.3067646600001],
            [-71.136502613, 42.3062126610001],
            [-71.1382416129999, 42.3042606600001],
            [-71.138614613, 42.30384266],
            [-71.139309614, 42.3030646600001],
            [-71.139663614, 42.3026706600001],
            [-71.140096614, 42.302181659],
            [-71.140135614, 42.30215566],
            [-71.139826614, 42.302005659],
            [-71.139556614, 42.3018996600001],
            [-71.1391176129999, 42.3017646600001],
            [-71.139015614, 42.301736659],
            [-71.137796613, 42.3013576600001],
            [-71.137444613, 42.30125966],
            [-71.137103614, 42.301193659],
            [-71.136917613, 42.3011976600001],
            [-71.136586613, 42.3012726590001],
            [-71.135996613, 42.3014276600001],
            [-71.1357616129999, 42.3014946600001],
            [-71.135436613, 42.3015876600001],
            [-71.1348666119999, 42.30173166],
            [-71.134617613, 42.3017586600001],
            [-71.134357612, 42.3017456600001],
            [-71.134052612, 42.30170866],
            [-71.133824612, 42.30166366],
            [-71.133260612, 42.30155166],
            [-71.132578612, 42.30143366],
            [-71.132226612, 42.3013846590001],
            [-71.131912612, 42.3013546600001],
            [-71.131419611, 42.3013286600001],
            [-71.131071611, 42.3013156600001],
            [-71.13090461, 42.3012836600001],
            [-71.130563611, 42.3011526600001],
            [-71.130176611, 42.3010146600001],
            [-71.128760609, 42.3004956600001],
            [-71.1285696099999, 42.30042166],
            [-71.1282306109999, 42.300292659],
            [-71.12792561, 42.3001656600001],
            [-71.12807261, 42.30003666],
            [-71.12880361, 42.299304659],
            [-71.1289486109999, 42.299164659],
            [-71.12938861, 42.298742659],
            [-71.12962261, 42.298537659],
            [-71.12988961, 42.2983206590001],
            [-71.13006861, 42.2981926590001],
            [-71.12989161, 42.2981166590001],
            [-71.1298746099999, 42.2980306590001],
            [-71.1298556099999, 42.2978716590001],
            [-71.12985161, 42.2977526600001],
            [-71.12981961, 42.297572659],
            [-71.12972961, 42.2973806590001],
            [-71.12955561, 42.29706966],
            [-71.1294496099999, 42.2968436590001],
            [-71.12939161, 42.296732659],
            [-71.12935061, 42.2966526590001],
            [-71.12932661, 42.29650566],
            [-71.12933261, 42.2963706590001],
            [-71.129358611, 42.2962246590001],
            [-71.12942961, 42.296040658],
            [-71.12953461, 42.2958906590001],
            [-71.13020561, 42.2951756590001],
            [-71.13044261, 42.2948816590001],
            [-71.1305766099999, 42.2945676590001],
            [-71.130606611, 42.2943856580001],
            [-71.130600611, 42.2941066590001],
            [-71.1305506099999, 42.2937136590001],
            [-71.13053861, 42.2936236580001],
            [-71.13047561, 42.2934356580001],
            [-71.130462611, 42.2932156580001],
            [-71.1304636099999, 42.2931646580001],
            [-71.12966861, 42.2927416590001],
            [-71.12960061, 42.292817659],
            [-71.127735609, 42.2913086580001],
            [-71.12800561, 42.291103659],
            [-71.127847609, 42.2910086580001],
            [-71.127344609, 42.2910076580001],
            [-71.127027609, 42.2907556580001],
            [-71.1263036079999, 42.290191658],
            [-71.126180609, 42.290097658],
            [-71.126229609, 42.2900376580001],
            [-71.12670761, 42.289555658],
            [-71.1271396079999, 42.2891696580001],
            [-71.1268636089999, 42.289013658],
            [-71.1259656089999, 42.2884906580001],
            [-71.126312609, 42.288157658],
            [-71.12655361, 42.2879296570001],
            [-71.126837609, 42.2876526570001],
            [-71.1270456089999, 42.2874686580001],
            [-71.127373609, 42.287108657],
            [-71.12812861, 42.286456657],
            [-71.1283716089999, 42.2862426580001],
            [-71.12896761, 42.2856836570001],
            [-71.128916609, 42.2856036570001],
            [-71.1288236089999, 42.2853396570001],
            [-71.128714609, 42.284966657],
            [-71.128499609, 42.2842116570001],
            [-71.1282806089999, 42.2835646570001],
            [-71.1281246089999, 42.2830706560001],
            [-71.1279426089999, 42.282673657],
            [-71.1278106089999, 42.2825226570001],
            [-71.127577609, 42.282223656],
            [-71.1267086089999, 42.2813546560001],
            [-71.126616608, 42.2812706560001],
            [-71.126392608, 42.281165656],
            [-71.125810609, 42.280944656],
            [-71.125263608, 42.280717656],
            [-71.124997607, 42.2805766560001],
            [-71.124828608, 42.2803916560001],
            [-71.124627607, 42.2801166560001],
            [-71.124464608, 42.2799396560001],
            [-71.124225608, 42.279704656],
            [-71.124091608, 42.279589656],
            [-71.123998608, 42.279481655],
            [-71.123870607, 42.279255656],
            [-71.123756607, 42.2790386560001],
            [-71.123706608, 42.278914657],
            [-71.123672607, 42.278619656],
            [-71.123659607, 42.2782296560001],
            [-71.123642607, 42.278152656],
            [-71.123592607, 42.2780736560001],
            [-71.123141607, 42.2780826550001],
            [-71.122336607, 42.2780696560001],
            [-71.121927607, 42.2780676560001],
            [-71.121687606, 42.278105656],
            [-71.121534606, 42.2781626550001],
            [-71.121101607, 42.2785276560001],
            [-71.120872606, 42.278625656],
            [-71.1205526059999, 42.278732656],
            [-71.120378606, 42.278784656],
            [-71.120017606, 42.278829656],
            [-71.119993607, 42.278827656],
            [-71.119843607, 42.279550656],
            [-71.119712605, 42.2802966560001]
          ]
        ]
      },
      "properties": {
        "OBJECTID": 19,
        "Ward1": "19",
        "COUNT_": 13,
        "WardLabel": "Ward 19",
        "Shape_Leng": 24600.5600423,
        "Shape_Length": 0.191926744349708,
        "Shape_Area": 0.000882717990819222,
        "shape_wkt": null
      }
    },
    {
      "type": "Feature",
      "id": 20,
      "geometry": {
        "type": "Polygon",
        "coordinates": [
          [
            [-71.059424586, 42.2743296570001],
            [-71.059163586, 42.2745316570001],
            [-71.058975586, 42.2746856570001],
            [-71.0586535859999, 42.2749606570001],
            [-71.058579586, 42.2750256570001],
            [-71.0582465859999, 42.275258658],
            [-71.0577505859999, 42.2756126570001],
            [-71.057121585, 42.2760176570001],
            [-71.055758585, 42.2769636580001],
            [-71.0551875849999, 42.277336657],
            [-71.054760584, 42.2775926580001],
            [-71.054452584, 42.2777506570001],
            [-71.054125584, 42.277895658],
            [-71.053767584, 42.2780376580001],
            [-71.0537485849999, 42.2780046570001],
            [-71.0537065839999, 42.2779546580001],
            [-71.053624584, 42.2778586580001],
            [-71.053508584, 42.277734658],
            [-71.053284584, 42.277510658],
            [-71.052597584, 42.2776776580001],
            [-71.051271584, 42.2779346580001],
            [-71.049802583, 42.2781086580001],
            [-71.049238583, 42.278072658],
            [-71.048583583, 42.2779226580001],
            [-71.048491583, 42.277870658],
            [-71.0483125819999, 42.2777746580001],
            [-71.047602582, 42.277381658],
            [-71.0471165829999, 42.2770916580001],
            [-71.044880581, 42.276274658],
            [-71.0444215809999, 42.276321658],
            [-71.043913581, 42.2765356590001],
            [-71.043042581, 42.276901659],
            [-71.042782581, 42.277110658],
            [-71.042433581, 42.2773376580001],
            [-71.04159458, 42.2781066590001],
            [-71.04150158, 42.278427659],
            [-71.041364581, 42.2788996580001],
            [-71.041273581, 42.2792136580001],
            [-71.0411365799999, 42.2796866590001],
            [-71.0409995809999, 42.2801596590001],
            [-71.04090858, 42.2804746590001],
            [-71.040857581, 42.2806516590001],
            [-71.040780581, 42.2809186590001],
            [-71.040703581, 42.2811846590001],
            [-71.04065158, 42.2813626590001],
            [-71.04051358, 42.2818406590001],
            [-71.04049458, 42.2819066590001],
            [-71.03973258, 42.2831086590001],
            [-71.03946658, 42.2835286590001],
            [-71.039403579, 42.28362966],
            [-71.0392935799999, 42.28380766],
            [-71.03917558, 42.28390066],
            [-71.03908058, 42.2839746590001],
            [-71.03902458, 42.2840206600001],
            [-71.03896758, 42.2840656590001],
            [-71.03893958, 42.2840876590001],
            [-71.038895579, 42.2841226590001],
            [-71.038852581, 42.2841556600001],
            [-71.0388235789999, 42.2841786600001],
            [-71.0386375799999, 42.28432366],
            [-71.03835858, 42.2845426600001],
            [-71.0380805789999, 42.2847606600001],
            [-71.037894579, 42.2849066600001],
            [-71.03781858, 42.2850206590001],
            [-71.0371805789999, 42.2859786600001],
            [-71.035294579, 42.28880666],
            [-71.0355135789999, 42.2892196600001],
            [-71.036118579, 42.290358661],
            [-71.036227579, 42.2905646610001],
            [-71.0363925789999, 42.290874661],
            [-71.036556579, 42.291184661],
            [-71.03666658, 42.291391661],
            [-71.036929579, 42.291886661],
            [-71.037324579, 42.292630661],
            [-71.03771958, 42.293373661],
            [-71.03798258, 42.2938686620001],
            [-71.038620581, 42.2950706620001],
            [-71.03957858, 42.296875663],
            [-71.040536581, 42.298678662],
            [-71.0411755819999, 42.2998826620001],
            [-71.041198581, 42.2999266620001],
            [-71.041234582, 42.2999946630001],
            [-71.041270582, 42.3000616620001],
            [-71.041294581, 42.3001066630001],
            [-71.0413135809999, 42.3002916620001],
            [-71.041368582, 42.3008476620001],
            [-71.041387582, 42.3010336630001],
            [-71.041408582, 42.301247662],
            [-71.041472582, 42.3018916630001],
            [-71.0414945809999, 42.3021066630001],
            [-71.041687582, 42.3021596630001],
            [-71.047753583, 42.3038426630001],
            [-71.048037584, 42.3032366630001],
            [-71.0480955849999, 42.303254662],
            [-71.048182584, 42.303275662],
            [-71.048341584, 42.303312663],
            [-71.048434584, 42.303315662],
            [-71.048557584, 42.3031646630001],
            [-71.048836584, 42.3029166630001],
            [-71.0492705839999, 42.3021166630001],
            [-71.049332584, 42.3020256620001],
            [-71.049456584, 42.3019246630001],
            [-71.050210584, 42.302617662],
            [-71.050852584, 42.3031866630001],
            [-71.051588586, 42.3038176630001],
            [-71.051863585, 42.3040666630001],
            [-71.052371585, 42.3045246630001],
            [-71.052719586, 42.3049186630001],
            [-71.052952586, 42.3052616640001],
            [-71.052997585, 42.3053356630001],
            [-71.053264586, 42.3053716630001],
            [-71.053457586, 42.3054036630001],
            [-71.055085586, 42.3056416630001],
            [-71.055190586, 42.305255663],
            [-71.0554325859999, 42.304331663],
            [-71.055558587, 42.303831663],
            [-71.0556515869999, 42.303401663],
            [-71.0556975869999, 42.3029906630001],
            [-71.055692587, 42.302641663],
            [-71.055692587, 42.3025916620001],
            [-71.055692587, 42.302531663],
            [-71.055692587, 42.302506663],
            [-71.055756586, 42.301825663],
            [-71.055801586, 42.301678662],
            [-71.055885586, 42.301511663],
            [-71.055954587, 42.301382662],
            [-71.0560175859999, 42.3012816630001],
            [-71.056092587, 42.3012046630001],
            [-71.056159587, 42.301134662],
            [-71.056284586, 42.3010126620001],
            [-71.056482587, 42.300862662],
            [-71.0567605859999, 42.300710662],
            [-71.057042586, 42.3005906620001],
            [-71.057283587, 42.3005106620001],
            [-71.057545586, 42.300435662],
            [-71.0578805869999, 42.3003876620001],
            [-71.058303587, 42.300366662],
            [-71.059042587, 42.3003416620001],
            [-71.060163588, 42.3003106620001],
            [-71.060310587, 42.3003116620001],
            [-71.0603775879999, 42.3003086620001],
            [-71.060553588, 42.300300662],
            [-71.060915587, 42.3002506610001],
            [-71.061278589, 42.3001566620001],
            [-71.061857588, 42.3000036620001],
            [-71.062541588, 42.2998266610001],
            [-71.063058589, 42.2997006620001],
            [-71.063426589, 42.2995966610001],
            [-71.063757589, 42.299465662],
            [-71.06432059, 42.2992136620001],
            [-71.064860589, 42.2988706610001],
            [-71.065232589, 42.298598661],
            [-71.065538589, 42.298321661],
            [-71.06585459, 42.297968661],
            [-71.0661125889999, 42.2975926620001],
            [-71.06641359, 42.2970306620001],
            [-71.066256589, 42.29707166],
            [-71.0658395899999, 42.2971696610001],
            [-71.065637589, 42.2972336610001],
            [-71.06510359, 42.2973696610001],
            [-71.064841589, 42.2967886610001],
            [-71.064512589, 42.29607966],
            [-71.062623588, 42.296583662],
            [-71.062471589, 42.2958176610001],
            [-71.062703589, 42.2957436610001],
            [-71.063003588, 42.2956576610001],
            [-71.063142588, 42.295623661],
            [-71.063134589, 42.2953586610001],
            [-71.063170589, 42.2951006610001],
            [-71.063171589, 42.2949586610001],
            [-71.063069589, 42.2947116610001],
            [-71.0632825879999, 42.294678661],
            [-71.064354589, 42.294496661],
            [-71.064572589, 42.2944476600001],
            [-71.064836589, 42.2943566610001],
            [-71.065024589, 42.2942806610001],
            [-71.065203589, 42.2942186610001],
            [-71.065156589, 42.294089661],
            [-71.065090589, 42.2939656610001],
            [-71.0650355889999, 42.2938316610001],
            [-71.064991589, 42.2937026600001],
            [-71.064915589, 42.2934146600001],
            [-71.064782589, 42.29299566],
            [-71.064590589, 42.2923556600001],
            [-71.065059589, 42.2922196600001],
            [-71.065404588, 42.2921066600001],
            [-71.065544589, 42.29205166],
            [-71.065594588, 42.2920326600001],
            [-71.06592159, 42.2919406600001],
            [-71.0661615889999, 42.291863661],
            [-71.06669959, 42.2917056600001],
            [-71.067359589, 42.2915176600001],
            [-71.06757859, 42.2914346600001],
            [-71.067446589, 42.2912656600001],
            [-71.06721859, 42.29076566],
            [-71.06805459, 42.29051666],
            [-71.0693515899999, 42.29010866],
            [-71.06964859, 42.2899606600001],
            [-71.0690145899999, 42.2898316600001],
            [-71.0686075899999, 42.2896946600001],
            [-71.06844059, 42.2896496600001],
            [-71.06835359, 42.28962066],
            [-71.06771559, 42.2893906590001],
            [-71.06720259, 42.28916866],
            [-71.067010589, 42.28907766],
            [-71.0666985889999, 42.2889126600001],
            [-71.066342589, 42.28867366],
            [-71.066081588, 42.28849066],
            [-71.065570589, 42.288023659],
            [-71.0653265889999, 42.287731659],
            [-71.065104589, 42.287460659],
            [-71.064745589, 42.286803659],
            [-71.0644755879999, 42.2862066590001],
            [-71.064340589, 42.285815659],
            [-71.064303589, 42.285707659],
            [-71.064422588, 42.28529166],
            [-71.0645625879999, 42.284788658],
            [-71.064714588, 42.2842846580001],
            [-71.0647875889999, 42.2840076580001],
            [-71.064872588, 42.2837076590001],
            [-71.065055588, 42.2830356580001],
            [-71.065066588, 42.2830116580001],
            [-71.0652795889999, 42.2822436590001],
            [-71.065322588, 42.282062658],
            [-71.065366588, 42.2819096580001],
            [-71.0654405879999, 42.281652658],
            [-71.065661588, 42.280883659],
            [-71.065806589, 42.280349658],
            [-71.065920589, 42.2799366580001],
            [-71.066047588, 42.2795266570001],
            [-71.0662305879999, 42.278840658],
            [-71.066503589, 42.2779126570001],
            [-71.066606588, 42.277537657],
            [-71.066819589, 42.276796657],
            [-71.066977588, 42.2762626580001],
            [-71.067189588, 42.275512657],
            [-71.0673095879999, 42.275062657],
            [-71.065528588, 42.2747986570001],
            [-71.0618005869999, 42.275944657],
            [-71.0614415859999, 42.275668657],
            [-71.060922586, 42.2753056570001],
            [-71.060015586, 42.274750657],
            [-71.059719587, 42.2745496570001],
            [-71.059703586, 42.274501657],
            [-71.0595965859999, 42.274435657],
            [-71.059424586, 42.2743296570001]
          ]
        ]
      },
      "properties": {
        "OBJECTID": 20,
        "Ward1": "16",
        "COUNT_": 12,
        "WardLabel": "Ward 16",
        "Shape_Leng": 16242.6787422,
        "Shape_Length": 0.124984961418013,
        "Shape_Area": 0.000679375437826181,
        "shape_wkt": null
      }
    },
    {
      "type": "Feature",
      "id": 21,
      "geometry": {
        "type": "Polygon",
        "coordinates": [
          [
            [-71.0886115979999, 42.322600665],
            [-71.088336598, 42.322350665],
            [-71.088019598, 42.322773666],
            [-71.0878225989999, 42.323029665],
            [-71.087742598, 42.323139666],
            [-71.087707597, 42.323186665],
            [-71.087610597, 42.323345665],
            [-71.087462598, 42.3234896660001],
            [-71.087395597, 42.323544665],
            [-71.087323598, 42.3235806650001],
            [-71.087253598, 42.323615665],
            [-71.0869275969999, 42.3237546650001],
            [-71.086797598, 42.3238216660001],
            [-71.086952598, 42.324109666],
            [-71.087010598, 42.324261666],
            [-71.087022598, 42.3242916660001],
            [-71.087077598, 42.3244616650001],
            [-71.087097598, 42.324578666],
            [-71.087090598, 42.324871666],
            [-71.0871035979999, 42.3251476660001],
            [-71.0871285979999, 42.3252496660001],
            [-71.0871735979999, 42.325347666],
            [-71.087248598, 42.3254426660001],
            [-71.087324598, 42.3255166660001],
            [-71.087435597, 42.3255866660001],
            [-71.087546599, 42.325636666],
            [-71.0878905989999, 42.3257186660001],
            [-71.087695599, 42.3261926660001],
            [-71.0873925989999, 42.3268836670001],
            [-71.0872625979999, 42.327167666],
            [-71.086996598, 42.3277906660001],
            [-71.086959598, 42.327865666],
            [-71.086939598, 42.3278996670001],
            [-71.086853598, 42.328043666],
            [-71.0867905979999, 42.3281066660001],
            [-71.086741598, 42.328156667],
            [-71.086583598, 42.3282766660001],
            [-71.086373598, 42.328380667],
            [-71.0861605979999, 42.328469666],
            [-71.085725598, 42.3286476660001],
            [-71.085184598, 42.3288626660001],
            [-71.085100597, 42.3289076670001],
            [-71.084994598, 42.328879666],
            [-71.0848985979999, 42.328853667],
            [-71.084403597, 42.3287716670001],
            [-71.0839335969999, 42.3287126670001],
            [-71.083448597, 42.3286586670001],
            [-71.083469597, 42.328716667],
            [-71.0834615969999, 42.3287966670001],
            [-71.083358596, 42.3294206670001],
            [-71.083197597, 42.330111667],
            [-71.083160598, 42.330318667],
            [-71.083111597, 42.330514668],
            [-71.083064597, 42.3306656670001],
            [-71.0829865979999, 42.3308396670001],
            [-71.082714597, 42.3310766670001],
            [-71.082558596, 42.331219667],
            [-71.082418597, 42.331349667],
            [-71.082371596, 42.331392668],
            [-71.0819325969999, 42.3317736670001],
            [-71.081738597, 42.3319506670001],
            [-71.0815075959999, 42.3322146670001],
            [-71.081266597, 42.332498668],
            [-71.081014597, 42.3328206670001],
            [-71.0809435959999, 42.3329396670001],
            [-71.0806255969999, 42.333375667],
            [-71.080433596, 42.3336386670001],
            [-71.080297596, 42.333804668],
            [-71.079913596, 42.334190667],
            [-71.079516596, 42.3345166670001],
            [-71.079345595, 42.3346626680001],
            [-71.0788275959999, 42.3350736680001],
            [-71.078742596, 42.3351416670001],
            [-71.078539596, 42.335305668],
            [-71.078425596, 42.335396668],
            [-71.0780425949999, 42.3357046680001],
            [-71.077621595, 42.336009668],
            [-71.077019596, 42.336475669],
            [-71.076941596, 42.3365356680001],
            [-71.0763795949999, 42.3369596690001],
            [-71.075668595, 42.3374836690001],
            [-71.074995594, 42.337939669],
            [-71.074288595, 42.3384296690001],
            [-71.073787594, 42.3387676680001],
            [-71.073630594, 42.3388776690001],
            [-71.0726455939999, 42.3395226700001],
            [-71.072504594, 42.3396236690001],
            [-71.071826594, 42.3400646690001],
            [-71.0710895939999, 42.340547669],
            [-71.070707593, 42.340798669],
            [-71.0712475939999, 42.3412896690001],
            [-71.071605594, 42.3415576690001],
            [-71.071414593, 42.34166967],
            [-71.0717645939999, 42.341967669],
            [-71.0719225939999, 42.342102669],
            [-71.072811594, 42.34286667],
            [-71.0731575949999, 42.3431686700001],
            [-71.073755595, 42.34283967],
            [-71.073816595, 42.3428086690001],
            [-71.074586595, 42.342416669],
            [-71.075349595, 42.3419996700001],
            [-71.075982596, 42.3416676700001],
            [-71.076592595, 42.3413446690001],
            [-71.077372595, 42.3409396690001],
            [-71.0779725959999, 42.340581668],
            [-71.078090596, 42.3405186690001],
            [-71.078706596, 42.3401836690001],
            [-71.0788275959999, 42.340123669],
            [-71.079061597, 42.3400386690001],
            [-71.0796375959999, 42.3397586690001],
            [-71.079895596, 42.340007669],
            [-71.080178597, 42.340280669],
            [-71.080525597, 42.340642669],
            [-71.080751596, 42.3408366690001],
            [-71.080869597, 42.3409206690001],
            [-71.081081597, 42.341072669],
            [-71.0811645969999, 42.3411316690001],
            [-71.0816815969999, 42.341471669],
            [-71.0823575969999, 42.3419536690001],
            [-71.082477598, 42.342081669],
            [-71.082648597, 42.3420746690001],
            [-71.082662598, 42.342061669],
            [-71.0830345969999, 42.3417336690001],
            [-71.083151597, 42.341630669],
            [-71.083226598, 42.3415546700001],
            [-71.0835045979999, 42.341271669],
            [-71.0843095989999, 42.340615669],
            [-71.084681598, 42.340301669],
            [-71.085030598, 42.340013669],
            [-71.086731599, 42.3386936680001],
            [-71.088123599, 42.337653668],
            [-71.088237599, 42.337557668],
            [-71.089345599, 42.3366216680001],
            [-71.0901115999999, 42.3359946680001],
            [-71.0903825999999, 42.335780668],
            [-71.090518599, 42.335673668],
            [-71.0924066009999, 42.3340416670001],
            [-71.0927606, 42.3337656680001],
            [-71.0929975999999, 42.3338436670001],
            [-71.0931796, 42.3339086670001],
            [-71.0933446, 42.3339476680001],
            [-71.0937186, 42.334270668],
            [-71.095089601, 42.334765668],
            [-71.095343602, 42.3343706680001],
            [-71.095524601, 42.3340916670001],
            [-71.0955996019999, 42.3339726670001],
            [-71.095993602, 42.3334116670001],
            [-71.0961186019999, 42.333220667],
            [-71.096407601, 42.3327856670001],
            [-71.096424601, 42.3327606670001],
            [-71.097010602, 42.3319936670001],
            [-71.097185602, 42.3317906670001],
            [-71.0961416009999, 42.331649666],
            [-71.0959176009999, 42.331620667],
            [-71.095351601, 42.3315626670001],
            [-71.094900601, 42.331486667],
            [-71.094604601, 42.331445667],
            [-71.0944006, 42.331420667],
            [-71.095023601, 42.330817666],
            [-71.095239601, 42.330615666],
            [-71.094779601, 42.330363666],
            [-71.094561601, 42.330312667],
            [-71.094541601, 42.3302666660001],
            [-71.094153601, 42.3297666670001],
            [-71.0938945999999, 42.329458667],
            [-71.0940516009999, 42.3293796670001],
            [-71.0943136, 42.329212666],
            [-71.094551601, 42.329059666],
            [-71.094851601, 42.3288276660001],
            [-71.0949826, 42.328695666],
            [-71.094878601, 42.328541666],
            [-71.094862601, 42.3285076670001],
            [-71.0948116, 42.3284586670001],
            [-71.0947486009999, 42.3284186660001],
            [-71.0946346, 42.328359666],
            [-71.0944016, 42.3282836660001],
            [-71.093885601, 42.3281416660001],
            [-71.0932215999999, 42.3279886660001],
            [-71.0927556, 42.3278766660001],
            [-71.0925066, 42.3278226670001],
            [-71.0925596, 42.3276716660001],
            [-71.091825599, 42.3274076660001],
            [-71.0913805989999, 42.3272066660001],
            [-71.0909755989999, 42.327011666],
            [-71.090756599, 42.326900666],
            [-71.0906295999999, 42.326899666],
            [-71.090988599, 42.326625666],
            [-71.0917986, 42.3259896660001],
            [-71.091340599, 42.325319666],
            [-71.091259599, 42.3252436660001],
            [-71.0911535989999, 42.3251566650001],
            [-71.090956599, 42.325030666],
            [-71.090842599, 42.324981666],
            [-71.090054599, 42.324696665],
            [-71.0905326, 42.324037666],
            [-71.090676599, 42.3238226660001],
            [-71.090390599, 42.3237106660001],
            [-71.089600598, 42.3234026650001],
            [-71.089513599, 42.3233906660001],
            [-71.0894205989999, 42.323340665],
            [-71.0891485989999, 42.3230916650001],
            [-71.0886115979999, 42.322600665]
          ]
        ]
      },
      "properties": {
        "OBJECTID": 21,
        "Ward1": "09",
        "COUNT_": 7,
        "WardLabel": "Ward 9",
        "Shape_Leng": 10577.1913672,
        "Shape_Length": 0.082853612572283,
        "Shape_Area": 0.000190365942274928,
        "shape_wkt": null
      }
    },
    {
      "type": "Feature",
      "id": 22,
      "geometry": {
        "type": "Polygon",
        "coordinates": [
          [
            [-71.157036621, 42.3303986650001],
            [-71.1562626209999, 42.3308556650001],
            [-71.154962621, 42.3316246650001],
            [-71.1498536189999, 42.334643666],
            [-71.149956619, 42.3346996660001],
            [-71.15046162, 42.334976666],
            [-71.150134619, 42.3352186650001],
            [-71.1501046189999, 42.3352906660001],
            [-71.1500596189999, 42.3354016660001],
            [-71.1496526189999, 42.3354966650001],
            [-71.149600619, 42.3355096650001],
            [-71.1485266189999, 42.3357606660001],
            [-71.148295619, 42.335815666],
            [-71.148474618, 42.336239666],
            [-71.148482618, 42.336261666],
            [-71.148492619, 42.336282666],
            [-71.148516619, 42.3363386660001],
            [-71.148555618, 42.3364316660001],
            [-71.148580618, 42.3364956660001],
            [-71.148711619, 42.3367986660001],
            [-71.148742619, 42.336874666],
            [-71.147266618, 42.337209666],
            [-71.1467496179999, 42.337321666],
            [-71.146454618, 42.337385666],
            [-71.146156618, 42.3374506660001],
            [-71.146259618, 42.3377806660001],
            [-71.1463426189999, 42.338044666],
            [-71.1464166179999, 42.338109666],
            [-71.146489618, 42.3381696660001],
            [-71.146606618, 42.3385456670001],
            [-71.1465066179999, 42.3385626670001],
            [-71.146245618, 42.338603667],
            [-71.146215618, 42.3386406670001],
            [-71.146162618, 42.3387056670001],
            [-71.1458046179999, 42.338963666],
            [-71.1455606179999, 42.3391396660001],
            [-71.145275619, 42.339346667],
            [-71.144779618, 42.3396656670001],
            [-71.144688618, 42.339724667],
            [-71.144655617, 42.3397456660001],
            [-71.144212618, 42.3400306670001],
            [-71.142631617, 42.340064667],
            [-71.142508617, 42.340067667],
            [-71.142487616, 42.340067667],
            [-71.142395617, 42.3400696670001],
            [-71.1423446169999, 42.340063667],
            [-71.1419396169999, 42.340016667],
            [-71.141754617, 42.340404667],
            [-71.141619616, 42.340649667],
            [-71.141449617, 42.3408846670001],
            [-71.1413536169999, 42.3410186670001],
            [-71.141326616, 42.341056667],
            [-71.141298616, 42.341078667],
            [-71.141095616, 42.3412446670001],
            [-71.140710616, 42.3415606670001],
            [-71.140070616, 42.3420976680001],
            [-71.139977616, 42.3421486670001],
            [-71.1389026159999, 42.3430196670001],
            [-71.138809616, 42.3430956670001],
            [-71.138750616, 42.3431426670001],
            [-71.1386536159999, 42.343220667],
            [-71.1384976159999, 42.343346668],
            [-71.137966615, 42.343776668],
            [-71.137824616, 42.343884668],
            [-71.137361615, 42.3442656680001],
            [-71.137109615, 42.344469668],
            [-71.136758615, 42.3447536680001],
            [-71.135985616, 42.3453746690001],
            [-71.135456615, 42.345803668],
            [-71.135278614, 42.3459496680001],
            [-71.135155614, 42.3460316680001],
            [-71.134254615, 42.346585669],
            [-71.133381614, 42.3471306690001],
            [-71.132007614, 42.347781668],
            [-71.131275614, 42.3481296690001],
            [-71.1310746139999, 42.3482246690001],
            [-71.130755613, 42.3483766690001],
            [-71.130527614, 42.3484846690001],
            [-71.130137614, 42.3486686690001],
            [-71.1297466139999, 42.348858669],
            [-71.129281613, 42.3490756690001],
            [-71.129145614, 42.3492526690001],
            [-71.129004613, 42.3493836690001],
            [-71.128780613, 42.3495676690001],
            [-71.1285806129999, 42.3497046690001],
            [-71.1285836129999, 42.34984167],
            [-71.127935613, 42.349939669],
            [-71.127674613, 42.34997667],
            [-71.127506613, 42.3500026690001],
            [-71.127484613, 42.3500126690001],
            [-71.126854613, 42.350096669],
            [-71.126215612, 42.3504206690001],
            [-71.125889613, 42.3505856690001],
            [-71.125527612, 42.3507976700001],
            [-71.1247556119999, 42.35123867],
            [-71.124697612, 42.351268669],
            [-71.124635612, 42.3513026700001],
            [-71.1245566119999, 42.3513446690001],
            [-71.124453612, 42.35139867],
            [-71.1241296119999, 42.35153467],
            [-71.124067612, 42.35156067],
            [-71.123988611, 42.3515506700001],
            [-71.123518611, 42.3514946700001],
            [-71.122942611, 42.351424669],
            [-71.122855611, 42.35186967],
            [-71.122426611, 42.3518186700001],
            [-71.122400611, 42.3518166700001],
            [-71.122275611, 42.35180167],
            [-71.122243611, 42.3517976690001],
            [-71.122229611, 42.3517956690001],
            [-71.122183611, 42.3517896700001],
            [-71.121530611, 42.35171067],
            [-71.12131161, 42.3516836690001],
            [-71.121106611, 42.3516606690001],
            [-71.1205356099999, 42.3515946700001],
            [-71.12049161, 42.3515896700001],
            [-71.120286611, 42.3515656700001],
            [-71.119918611, 42.3515216690001],
            [-71.119723611, 42.3514976700001],
            [-71.11880961, 42.3513946700001],
            [-71.1184396099999, 42.35135267],
            [-71.118407609, 42.3513486700001],
            [-71.11834061, 42.3513416700001],
            [-71.1183106089999, 42.3513386700001],
            [-71.11827761, 42.35133467],
            [-71.11806961, 42.351310669],
            [-71.11744561, 42.35123867],
            [-71.117237609, 42.3512146700001],
            [-71.116951609, 42.35117667],
            [-71.116094609, 42.35106367],
            [-71.1158086089999, 42.3510256700001],
            [-71.115632609, 42.3510046700001],
            [-71.115106609, 42.3509426700001],
            [-71.1149296089999, 42.3509216700001],
            [-71.114701608, 42.3508946700001],
            [-71.114094608, 42.3508246700001],
            [-71.114014609, 42.35081567],
            [-71.113784608, 42.35078867],
            [-71.113635609, 42.3507756700001],
            [-71.113215608, 42.350725669],
            [-71.111506608, 42.35052267],
            [-71.111281607, 42.35049567],
            [-71.1111136069999, 42.35047567],
            [-71.110936607, 42.35045467],
            [-71.110916607, 42.3504526690001],
            [-71.110894607, 42.35045167],
            [-71.110880607, 42.35045067],
            [-71.110834608, 42.3504466700001],
            [-71.110751608, 42.35043467],
            [-71.110499607, 42.3504006700001],
            [-71.1104156069999, 42.35038867],
            [-71.1102996069999, 42.3503726690001],
            [-71.109948607, 42.3503246700001],
            [-71.1098316069999, 42.3503086700001],
            [-71.109749607, 42.3503006700001],
            [-71.109569606, 42.3502836700001],
            [-71.109501607, 42.35027767],
            [-71.109418607, 42.35026967],
            [-71.1093126069999, 42.3502566700001],
            [-71.108991607, 42.3502176690001],
            [-71.1088846069999, 42.35020467],
            [-71.108489607, 42.3501556700001],
            [-71.107303606, 42.3500106700001],
            [-71.1069076059999, 42.34996167],
            [-71.106827606, 42.3499516700001],
            [-71.1066376059999, 42.3499286700001],
            [-71.1065706059999, 42.3499206700001],
            [-71.106702605, 42.34944167],
            [-71.106789606, 42.34906067],
            [-71.106825606, 42.34889767],
            [-71.106854606, 42.34876767],
            [-71.106894607, 42.3485966690001],
            [-71.106960606, 42.348227669],
            [-71.1069786049999, 42.3481516690001],
            [-71.107032606, 42.3479236700001],
            [-71.107050606, 42.3478486700001],
            [-71.1070646059999, 42.34777467],
            [-71.1071076059999, 42.34755267],
            [-71.107121606, 42.34747867],
            [-71.107213606, 42.347057669],
            [-71.107194605, 42.34698567],
            [-71.107078606, 42.34676067],
            [-71.107069607, 42.346742669],
            [-71.1070426059999, 42.3466896690001],
            [-71.107033606, 42.34667267],
            [-71.106990606, 42.346589669],
            [-71.1068636059999, 42.3463436690001],
            [-71.1068216049999, 42.3462616690001],
            [-71.106805605, 42.3462186690001],
            [-71.106777606, 42.3461466690001],
            [-71.106756606, 42.346090669],
            [-71.106740605, 42.346048669],
            [-71.106709606, 42.3459916690001],
            [-71.106616606, 42.345818669],
            [-71.106586605, 42.3457626700001],
            [-71.106571606, 42.3457356690001],
            [-71.1065276049999, 42.3456546690001],
            [-71.106513605, 42.3456286690001],
            [-71.1064806049999, 42.3455546690001],
            [-71.106382606, 42.3453346690001],
            [-71.106349606, 42.3452616690001],
            [-71.106332605, 42.345230669],
            [-71.1062516059999, 42.345078669],
            [-71.105910606, 42.3445746690001],
            [-71.1058306049999, 42.3444566690001],
            [-71.105796606, 42.344405669],
            [-71.105776606, 42.3443246690001],
            [-71.105669605, 42.344128669],
            [-71.1055816049999, 42.343950669],
            [-71.1055586049999, 42.343906669],
            [-71.1055166039999, 42.343820668],
            [-71.105368605, 42.3439656690001],
            [-71.105293605, 42.3440076690001],
            [-71.105236605, 42.344040669],
            [-71.1051756049999, 42.3440736690001],
            [-71.1050626059999, 42.344134669],
            [-71.104923605, 42.344200669],
            [-71.1046196039999, 42.3443966690001],
            [-71.1043446049999, 42.344177669],
            [-71.104393605, 42.3441256690001],
            [-71.104307604, 42.344090669],
            [-71.104258605, 42.3439836690001],
            [-71.104170605, 42.343909669],
            [-71.1030406039999, 42.342956669],
            [-71.102739605, 42.342642669],
            [-71.1022796029999, 42.3424036690001],
            [-71.0998296029999, 42.3406626680001],
            [-71.099494603, 42.340508668],
            [-71.0974906019999, 42.339583669],
            [-71.097491603, 42.339603669],
            [-71.0974246019999, 42.3397276680001],
            [-71.098334603, 42.3407196680001],
            [-71.0984086029999, 42.340799668],
            [-71.098540602, 42.340918668],
            [-71.098794603, 42.3414436680001],
            [-71.098986602, 42.3418396690001],
            [-71.099187603, 42.3422686690001],
            [-71.099373603, 42.342690668],
            [-71.099521603, 42.343050669],
            [-71.0995546029999, 42.343118669],
            [-71.099613603, 42.3432216690001],
            [-71.099772603, 42.3435446680001],
            [-71.099984604, 42.343977669],
            [-71.100058603, 42.3440996690001],
            [-71.100327603, 42.3445746690001],
            [-71.100474603, 42.3447076690001],
            [-71.100760604, 42.3447786690001],
            [-71.100982604, 42.3448896690001],
            [-71.100804604, 42.3450446690001],
            [-71.100595604, 42.345231669],
            [-71.1003186039999, 42.345478669],
            [-71.099702603, 42.3460756690001],
            [-71.099501604, 42.3462816690001],
            [-71.099347604, 42.34644767],
            [-71.098955603, 42.3468236690001],
            [-71.098575603, 42.3471816690001],
            [-71.098166603, 42.3476076690001],
            [-71.0981156029999, 42.347645669],
            [-71.0998026029999, 42.34765967],
            [-71.100153603, 42.3476716700001],
            [-71.100622603, 42.3477016700001],
            [-71.100871603, 42.34773267],
            [-71.101143605, 42.3477666700001],
            [-71.100978604, 42.3478126700001],
            [-71.1005646039999, 42.3479266700001],
            [-71.1008156039999, 42.3479606700001],
            [-71.1009956039999, 42.34797867],
            [-71.100764604, 42.3481096690001],
            [-71.100728604, 42.3483456700001],
            [-71.100669604, 42.34872067],
            [-71.100636604, 42.3489956700001],
            [-71.100592604, 42.34919267],
            [-71.100568604, 42.34928567],
            [-71.1005646039999, 42.34930167],
            [-71.100555604, 42.3493656700001],
            [-71.102843604, 42.34964567],
            [-71.103624604, 42.3497416700001],
            [-71.1034836059999, 42.3502786700001],
            [-71.1034256039999, 42.35061267],
            [-71.103318605, 42.35099367],
            [-71.103268605, 42.35108367],
            [-71.103245605, 42.351166671],
            [-71.103157604, 42.35149367],
            [-71.103032605, 42.352522671],
            [-71.103407605, 42.35245767],
            [-71.104316605, 42.352411671],
            [-71.106009606, 42.3524826710001],
            [-71.1066376059999, 42.3524956700001],
            [-71.1074716059999, 42.3525116710001],
            [-71.109218607, 42.3525546700001],
            [-71.110083607, 42.3525576700001],
            [-71.110358607, 42.35259467],
            [-71.110589607, 42.3526246700001],
            [-71.111210607, 42.3527076710001],
            [-71.111303608, 42.3527196700001],
            [-71.1113846069999, 42.35273067],
            [-71.1115136079999, 42.352747671],
            [-71.111600607, 42.3527626700001],
            [-71.111863608, 42.3528086700001],
            [-71.1121496069999, 42.352857671],
            [-71.1124606079999, 42.3529116710001],
            [-71.112695608, 42.3529766710001],
            [-71.112834608, 42.3530106700001],
            [-71.112925608, 42.3530376700001],
            [-71.113196608, 42.3531186710001],
            [-71.113714608, 42.3533196700001],
            [-71.1144596089999, 42.3536626710001],
            [-71.115170608, 42.3540406700001],
            [-71.115910609, 42.3545396710001],
            [-71.1165306089999, 42.3550366700001],
            [-71.11654361, 42.3550576700001],
            [-71.116852609, 42.3553936710001],
            [-71.116902609, 42.3555056710001],
            [-71.1169796089999, 42.3555436710001],
            [-71.117099609, 42.3556026700001],
            [-71.11780561, 42.3551706700001],
            [-71.11804061, 42.3551196700001],
            [-71.1181266099999, 42.3551006710001],
            [-71.11824361, 42.3550756700001],
            [-71.1183036099999, 42.3550626700001],
            [-71.11834161, 42.3550546700001],
            [-71.11849961, 42.355021671],
            [-71.118561609, 42.3550076710001],
            [-71.1190946099999, 42.3548936710001],
            [-71.1194916109999, 42.3547586700001],
            [-71.12002261, 42.3547256700001],
            [-71.1207296109999, 42.3546236700001],
            [-71.121644611, 42.3547546710001],
            [-71.122847612, 42.354926671],
            [-71.1241026119999, 42.3551046710001],
            [-71.1247786119999, 42.355200671],
            [-71.125088613, 42.355244671],
            [-71.126157612, 42.3553986700001],
            [-71.127271613, 42.3555586700001],
            [-71.128408613, 42.3557136700001],
            [-71.1299056139999, 42.3559296700001],
            [-71.130273614, 42.35596867],
            [-71.1311906139999, 42.35610367],
            [-71.131396614, 42.3561136710001],
            [-71.132216614, 42.35579167],
            [-71.132404615, 42.35572067],
            [-71.132766615, 42.35554567],
            [-71.133275615, 42.3553246700001],
            [-71.1335916149999, 42.35517867],
            [-71.134013615, 42.35500367],
            [-71.134395615, 42.35484467],
            [-71.134496615, 42.3547976690001],
            [-71.1350796149999, 42.35455167],
            [-71.135719616, 42.35428167],
            [-71.136024616, 42.3541516700001],
            [-71.136283616, 42.3540496700001],
            [-71.1366796149999, 42.35387467],
            [-71.136747616, 42.3538476700001],
            [-71.137075616, 42.35372067],
            [-71.137341616, 42.3535986700001],
            [-71.137445616, 42.35360367],
            [-71.137625617, 42.3536206700001],
            [-71.138085616, 42.3536846700001],
            [-71.139066617, 42.3537996700001],
            [-71.139621617, 42.35387567],
            [-71.139931617, 42.3539106700001],
            [-71.1405206169999, 42.3539826690001],
            [-71.140681617, 42.35401267],
            [-71.1416636179999, 42.3542716690001],
            [-71.142370618, 42.3544536690001],
            [-71.142579618, 42.3545046690001],
            [-71.143349618, 42.3546946700001],
            [-71.143802619, 42.3548056700001],
            [-71.144176619, 42.354897669],
            [-71.144335619, 42.354601669],
            [-71.1446376179999, 42.3540736700001],
            [-71.144800619, 42.35375967],
            [-71.1450566189999, 42.35333167],
            [-71.145273619, 42.3529076690001],
            [-71.145529618, 42.352480669],
            [-71.145774619, 42.3520506690001],
            [-71.145839619, 42.3519326690001],
            [-71.1460256189999, 42.3515976690001],
            [-71.146087619, 42.351450669],
            [-71.14609462, 42.351366668],
            [-71.146088619, 42.3512796690001],
            [-71.146033619, 42.3511906680001],
            [-71.1458926189999, 42.3510516690001],
            [-71.145612619, 42.350794669],
            [-71.146511619, 42.3504256690001],
            [-71.147079619, 42.3501736690001],
            [-71.14739362, 42.3500626680001],
            [-71.148027619, 42.3498126690001],
            [-71.1481606199999, 42.349766668],
            [-71.148620619, 42.3495876690001],
            [-71.148984619, 42.3494166680001],
            [-71.14934162, 42.3492486690001],
            [-71.14952562, 42.3491866680001],
            [-71.14994362, 42.349044668],
            [-71.150154619, 42.348994669],
            [-71.15036462, 42.348978668],
            [-71.15027162, 42.3487816680001],
            [-71.14995862, 42.348417668],
            [-71.14975562, 42.3481936680001],
            [-71.14936862, 42.347762668],
            [-71.149047619, 42.347465668],
            [-71.148651619, 42.3472066680001],
            [-71.1483446189999, 42.3470276680001],
            [-71.14804362, 42.3468656680001],
            [-71.147741619, 42.3467556680001],
            [-71.147877619, 42.3465586680001],
            [-71.148046618, 42.3463276680001],
            [-71.14831062, 42.3458756680001],
            [-71.148349619, 42.345824668],
            [-71.148810619, 42.345216668],
            [-71.149417619, 42.3453636680001],
            [-71.15023062, 42.3455616680001],
            [-71.150662619, 42.345673667],
            [-71.151235621, 42.345821668],
            [-71.1516466209999, 42.345917668],
            [-71.152446621, 42.3461046680001],
            [-71.15281262, 42.346163667],
            [-71.1530676209999, 42.346162668],
            [-71.153346621, 42.3466476670001],
            [-71.15344862, 42.346790668],
            [-71.1537866209999, 42.347264668],
            [-71.154252621, 42.3465606680001],
            [-71.154589622, 42.3460356680001],
            [-71.154741621, 42.345828667],
            [-71.154821622, 42.345692667],
            [-71.155015622, 42.345393668],
            [-71.155029621, 42.345377667],
            [-71.155147621, 42.345237668],
            [-71.154290621, 42.344964668],
            [-71.1532746199999, 42.344658667],
            [-71.153368621, 42.3445126680001],
            [-71.153434621, 42.3443246670001],
            [-71.153457621, 42.3441526670001],
            [-71.153451621, 42.343961667],
            [-71.153421621, 42.343822667],
            [-71.153393621, 42.3434926670001],
            [-71.15341762, 42.3432976670001],
            [-71.153462621, 42.343191667],
            [-71.1536326199999, 42.3429376670001],
            [-71.153841621, 42.3425946670001],
            [-71.154197621, 42.3420736670001],
            [-71.154356621, 42.3418536670001],
            [-71.1545536209999, 42.3415656670001],
            [-71.154734621, 42.341214667],
            [-71.1549096209999, 42.3409756660001],
            [-71.155257622, 42.3404406670001],
            [-71.1552886219999, 42.3403456660001],
            [-71.155536621, 42.340270666],
            [-71.1556796209999, 42.340248666],
            [-71.156069621, 42.3401666660001],
            [-71.156618621, 42.3400286670001],
            [-71.1571836219999, 42.3398806660001],
            [-71.157528622, 42.339790667],
            [-71.1578786219999, 42.3397386670001],
            [-71.158964623, 42.3399616660001],
            [-71.159758623, 42.340066666],
            [-71.160616623, 42.340137666],
            [-71.161052624, 42.3401526660001],
            [-71.161087623, 42.3401536660001],
            [-71.161170623, 42.340156666],
            [-71.161473623, 42.3401686660001],
            [-71.161533623, 42.3401706660001],
            [-71.161586623, 42.3401686660001],
            [-71.161613624, 42.3401696670001],
            [-71.162884624, 42.3402086670001],
            [-71.1635226239999, 42.340224667],
            [-71.1641266249999, 42.3402316660001],
            [-71.164288625, 42.3402336660001],
            [-71.1645796239999, 42.340226667],
            [-71.1648976239999, 42.3402196660001],
            [-71.165558625, 42.3401706660001],
            [-71.166126625, 42.3400966660001],
            [-71.166553625, 42.3400476670001],
            [-71.166567625, 42.3400396660001],
            [-71.166699625, 42.3400176660001],
            [-71.166740625, 42.339862666],
            [-71.166808625, 42.3392986660001],
            [-71.1677016259999, 42.3389736660001],
            [-71.1677296249999, 42.3389636650001],
            [-71.1683156249999, 42.3387506660001],
            [-71.168633626, 42.3386376660001],
            [-71.168936625, 42.3384576650001],
            [-71.169087626, 42.3382536660001],
            [-71.169217626, 42.3380766660001],
            [-71.1691926249999, 42.3378916660001],
            [-71.1691226259999, 42.3373846650001],
            [-71.168859625, 42.336312665],
            [-71.168886626, 42.3358346650001],
            [-71.168570625, 42.3351516650001],
            [-71.168471626, 42.335093665],
            [-71.168410625, 42.335030665],
            [-71.168191624, 42.3347996650001],
            [-71.1680216249999, 42.3344346660001],
            [-71.167565625, 42.333449665],
            [-71.1667666239999, 42.3335366650001],
            [-71.166461625, 42.333569665],
            [-71.1654376239999, 42.333680665],
            [-71.1651906229999, 42.333699665],
            [-71.164776624, 42.3337556650001],
            [-71.1643106239999, 42.3338066650001],
            [-71.164032624, 42.333837665],
            [-71.163667623, 42.333878665],
            [-71.162972624, 42.3339556650001],
            [-71.162732623, 42.333969665],
            [-71.162525623, 42.333974665],
            [-71.162298623, 42.333973665],
            [-71.162099623, 42.333952665],
            [-71.161721623, 42.3338946650001],
            [-71.1612956229999, 42.333791666],
            [-71.1609176219999, 42.3336476650001],
            [-71.160347622, 42.3333736650001],
            [-71.160260622, 42.3333276640001],
            [-71.1601706229999, 42.3332806660001],
            [-71.1597236229999, 42.333044665],
            [-71.159325622, 42.332776665],
            [-71.158956622, 42.3324326650001],
            [-71.1587166209999, 42.332170665],
            [-71.158546622, 42.331992665],
            [-71.157667622, 42.331067664],
            [-71.157508621, 42.330894664],
            [-71.157346621, 42.3307226650001],
            [-71.157113621, 42.3304746650001],
            [-71.157036621, 42.3303986650001]
          ]
        ]
      },
      "properties": {
        "OBJECTID": 22,
        "Ward1": "21",
        "COUNT_": 16,
        "WardLabel": "Ward 21",
        "Shape_Leng": 25216.14523,
        "Shape_Length": 0.205034870517245,
        "Shape_Area": 0.000516666663975708,
        "shape_wkt": null
      }
    }
  ]
}